word_id,words,pron,letter_order,letter,type,meaning
1,挨拶,あいさつ,1,あ,名，サ変,打招呼；致詞；寒暄、問候
2,間,あいだ,1,あ,名,間隔、期間；中間
3,会う,あう,1,あ,自五,會面、見面
4,合う,あう,1,あ,自五，辅助,一致、符合；互相
5,青い,あおい,1,あ,形,青色、藍色、綠色；不成熟
6,赤,あか,1,あ,名,紅色；完全
7,赤い,あかい,1,あ,形,紅色的；共產主義的
8,秋,あき,1,あ,名,秋天
9,朝,あさ,1,あ,名,早上、上午
10,足,あし,1,あ,名,腳、腿、（器物）的腿兒
11,味,あじ,1,あ,名,味道、風味；滋味、甜頭；趣味、情調
12,明日,あした,1,あ,名,明天
13,遊ぶ,あそぶ,1,あ,自五,玩耍；旅行、遊學；沒工作；不起作用
14,頭,あたま,1,あ,名,頭
15,新しい,あたらしい,1,あ,形,新的；新式的；新鮮的；有活力的；現代的，進步的
16,あちら,あちら,1,あ,代，名,那邊；那個；那位
17,後,あと,1,あ,名,後面；後方；以後；之後；那麼、再見；（順序）後；死後；後任、後繼者、續弦；剩下的
18,穴，孔,あな,1,あ,名,洞、穴；虧空
19,貴方,あなた,1,あ,代,你、您
20,兄,あに,1,あ,名,哥哥
21,姉,あね,1,あ,名,姐姐；嫂子
22,あの,あの,1,あ,連体,那個（遠稱）；那
23,油，脂,あぶら,1,あ,名,油；（人、動物身上的）脂肪
24,網,あみ,1,あ,名,網；落網
25,雨,あめ,1,あ,名,雨、雨點般
26,洗う,あらう,1,あ,他五,洗；洗刷、沖洗；調查、查清
27,ありがとう,ありがとう,1,あ,感,謝謝
28,歩く,あるく,1,あ,自五,步行、外出
29,あれ,あれ,1,あ,代名，感,那個；那件事；那時；那個人；那兒；哎呀
30,アルバイト,あるばいと,1,あ,職業,兼職、打工
31,鴨,あひる,1,あ,鳥類,鴨子
32,蟻,あり,1,あ,昆蟲,螞蟻
33,明後日,あさって,1,あ,日期,後天
34,あげる,あげる,1,あ,一般動作,給予（他人）
35,開ける,あける,1,あ,一般動作,打開（門、窗等）
36,安心する,あんしんする,1,あ,感覺與情緒,放心
37,熱い,あつい,1,あ,身體狀態,發燒、燙
38,頭が痛い,あたまがいたい,1,あ,身體狀態,頭痛
39,暑い,あつい,1,あ,氣氛和狀態,炎熱
40,明るい,あかるい,1,あ,氣氛和狀態,明亮、開朗
41,甘い,あまい,1,あ,い形容詞,甜的
42,あまり,あまり,1,あ,頻率副詞,不太（與否定一起用）
43,あなた,あなた,1,あ,人稱代名詞,你
44,あなたたち,あなたたち,1,あ,人稱代名詞,你們
45,那個（遠離雙方）,あれ,1,あ,事物和方向,那個（事物）
46,那樣（遠離雙方）,ああ,1,あ,事物和方向,那樣
47,那邊（遠離雙方）,あちら / あっち,1,あ,事物和方向,那邊（方向、人）
48,良い，好い,いい,2,い,形,好；合適；行、可以；最好、希望；容易
49,言う,いう,2,い,自，他五,說；有聲響；詢問；批評、評價；表達；叫、稱做；議論、謠言；美言、講情
50,家,いえ,2,い,名,房子；家；門第
51,息,いき,2,い,名,呼吸；步調
52,生きる,いきる,2,い,自上一,謀生、維持生計；有效、有影響；生動、栩栩如生
53,行く,いく,2,い,自五,去；寄到；過去、逝去；往來、上班、上學；事情進展；以某種方式做
54,幾つ,いくつ,2,い,名,幾個；幾歲
55,幾ら,いくら,2,い,名,多少、多少錢；無論如何、即使也
56,池,いけ,2,い,名,池子、水池；硯池
57,いけない,いけない,2,い,形,不好的、不行的；沒有希望的、沒有指望的；禁止；（用なくてはいけない的形式表示）必
58,石,いし,2,い,名,石頭、石子；寶石
59,医者,いしゃ,2,い,名,醫生
60,椅子,いす,2,い,名,椅子；職位
61,痛い,いたい,2,い,形,疼痛；難受；（被觸及弱點而）感到痛苦
62,一日,いちにち,2,い,名,一天；一整天；某日
63,一番,いちばん,2,い,名，副,第一；最；最好
64,何時,いつ,2,い,代,何時
65,一緒,いっしょ,2,い,名,一起做；同時發生；在一起
66,一杯,いっぱい,2,い,名，副,一杯、一碗；飲少量的酒；滿滿的；全部、沾滿；極限；許多
67,いつも,いつも,2,い,副,經常地；平常
68,糸,いと,2,い,名,線；樂器的弦；釣魚線；線狀物
69,犬,いぬ,2,い,名,狗；間諜、鷹犬
70,稲,いね,2,い,名,水稻
71,命,いのち,2,い,名,生命；壽命；最重要的
72,今,いま,2,い,名，副,現在；當前；馬上；正好、方才；用（今少しで）的形式，表示“幾乎”
73,居間,いま,2,い,名,起居室
74,意味,いみ,2,い,名,意思；動機；含義；主旨、要點；意義
75,妹,いもうと,2,い,名,妹妹
76,嫌,いや,2,い,形動,令人厭煩
77,いらっしゃる,いらっしゃる,2,い,自五,（敬語）來；（敬語）去；（敬語）在；相當於“……です”
78,入る,いる,2,い,自五,進入；達到某種狀態
79,要る,いる,2,い,自五,需要、必要
80,居る,いる,2,い,自上一,（指人、動物等）有、在、居住在
81,入れる,いれる,2,い,他下一,裝、放入；讓入、讓進；容納；鑲嵌；購進、輸入；雇傭、採用；添、加；承認、容忍；加
82,色,いろ,2,い,名,色彩；膚色；表情；景象、樣子；種類；戀愛、女色
83,妹さん,いもうとさん,2,い,人,（別人的）妹妹
84,イルカ,いるか,2,い,水生動物,海豚
85,いか,いか,2,い,水生動物,烏賊
86,一,いち,2,い,數字,一
87,一万円,いちまんえん,2,い,金錢,一萬日圓
88,いい / 良い,いい / よい,2,い,評價,好的
89,忙しい,いそがしい,2,い,い形容詞,忙碌的
90,いろいろ,いろいろ,2,い,な形容詞,各種各樣的
91,いつ,いつ,2,い,疑問代名詞,什麼時候
92,いくつ,いくつ,2,い,疑問代名詞,幾個（用於數數）
93,いくら,いくら,2,い,疑問代名詞,多少錢
94,上,うえ,3,う,名,上面；表面；有關；還、而且；之後；既然……就；（接尾詞）對長輩的敬稱
95,動く,うごく,3,う,自五,動、晃動；轉動、開動；搖晃；活動；（受到影響）行動；變更；變動
96,牛,うし,3,う,名,牛
97,後ろ,うしろ,3,う,名,後面；後背
98,嘘,うそ,3,う,名,謊言；錯誤；不合適、不合時宜
99,歌う,うたう,3,う,他五,唱、唱歌；做詩（歌）；鳥兒鳴唱
100,内,うち,3,う,名,裡面、內；內心；自己所在的組織或團體；在一定的範圍、區域之內；（時間）以內；處於
101,馬,うま,3,う,名,馬
102,生まれる,うまれる,3,う,自下一,出生、誕生；產生、出現
103,海,うみ,3,う,名,海
104,売る,うる,3,う,他五,賣、出售；沽名、揚名、出賣、背叛；找碴、挑起
105,運転手,うんてんしゅ,3,う,職業,司機
106,兎,うさぎ,3,う,動物,兔子
107,打ち合わせする,うちあわせする,3,う,工作相關動詞,開會、商談
108,嬉しい,うれしい,3,う,感覺與情緒,高興
109,美しい,うつくしい,3,う,評價,美麗的
110,絵,え,4,え,名,繪畫，畫面
111,映画,えいが,4,え,名,電影
112,英語,えいご,4,え,名,英語
113,駅,えき,4,え,名,車站
114,円,えん,4,え,名,圓形；日元
115,エンジニア,えんじにあ,4,え,職業,工程師
116,海老,えび,4,え,水生動物,蝦
117,映画館,えいがかん,4,え,設施,電影院
118,多い,おおい,5,お,形,數量多；次數多、程度深
119,大きい,おおきい,5,お,形,大的、個子高的；數目大；音量大；年長的；成長、長大；（規模等）大；誇大、誇張；顯
120,大きな,おおきな,5,お,連体,大的
121,起きる,おきる,5,お,自上一,起床；不睡；離開病床；起身、站起來；發生、產生
122,置く,おく,5,お,自他五,擺、置；放置；放下、留下、丟下；購入以備出售；設置；任命、雇用；留在家住；寄存、
123,送る,おくる,5,お,他五,郵寄；派遣；送人、送行；弔唁、送別（死者）；渡過；依此傳遞、移動；送；標上假名
124,怒る,おこる,5,お,自五,生氣；訓斥、呵斥
125,お爺さん,おじいさん,5,お,名,爺爺、祖父、外祖父
126,お茶,おちゃ,5,お,名,茶
127,おっしゃる,おっしゃる,5,お,他五,說、稱呼（敬語）
128,夫,おっと,5,お,名,丈夫
129,音,おと,5,お,名,（物體發出的）聲響
130,弟,おとうと,5,お,名,弟弟
131,男,おとこ,5,お,名,男性、男子漢、大丈夫氣質
132,一昨日,おととい,5,お,名,前天
133,大人,おとな,5,お,名,成人
134,踊る,おどる,5,お,自五,跳舞；被操縱
135,同じ,おなじ,5,お,連体，形動,（性質、種類等）相同；一樣的；相等；（用“同じ……なる”的形式表示）反正
136,鬼,おに,5,お,名,鬼怪；窮凶極惡的人
137,覚える,おぼえる,5,お,他下一,記憶；學習、掌握；感覺、感到
138,重い,おもい,5,お,形,重的；沉重的；重要的；（情況、程度等）重大的
139,思い出,おもいで,5,お,名,追憶、懷念
140,思う,おもう,5,お,他五,考慮；懷疑；推測；想像；感覺；期望；牽掛；愛慕；退出
141,面白い,おもしろい,5,お,形,有趣的；可笑的；（用否定的形式表示）情況不妙
142,玩具,おもちゃ,5,お,名,玩具；玩物
143,表,おもて,5,お,名,正面；家的正面；戶外；棒球比賽的前半場；表面
144,親,おや,5,お,名,父母
145,泳ぐ,およぐ,5,お,自五,游泳；踉蹌；栽倒；穿過；處世
146,降りる,おりる,5,お,自上一,（從交通工具中）下來；退位；半道退出；降霜等
147,下りる,おりる,5,お,自上一,降下；批准、發下來上鎖
148,折る,おる,5,お,他五,折；折斷；彎曲
149,終わる,おわる,5,お,自他五,完
150,音楽,おんがく,5,お,名,音樂
151,温度,おんど,5,お,名,溫度
152,女,おんな,5,お,名,女性；情婦；女傭人
153,男の人,おとこのひと,5,お,人,男人
154,女の人,おんなのひと,5,お,人,女人
155,男の子,おとこのこ,5,お,人,男孩
156,女の子,おんなのこ,5,お,人,女孩
157,お父さん,おとうさん,5,お,人,（別人的）父親
158,お母さん,おかあさん,5,お,人,（別人的）母親
159,お兄さん,おにいさん,5,お,人,（別人的）哥哥
160,お姉さん,おねえさん,5,お,人,（別人的）姐姐
161,弟さん,おとうとさん,5,お,人,（別人的）弟弟
162,伯父 / 叔父,おじ,5,お, 親屬,（我的）伯父、叔父
163,伯母 / 叔母,おば,5,お, 親屬,（我的）伯母、嬸嬸、姑姑、阿姨
164,奥さん,おくさん,5,お,別人家人,（您的）妻子
165,お子さん,おこさん,5,お,別人家人,（您的）小孩
166,お祖父さん,おじいさん,5,お,別人家人,（您的）祖父（爺爺、外公） / 叫老人家
167,お祖母さん,おばあさん,5,お,別人家人,（您的）祖母（奶奶、外婆） / 叫老人家
168,おじさん,おじさん,5,お,別人家人,（您的）伯父、叔父 / 叫大叔
169,おばさん,おばさん,5,お,別人家人,（您的）伯母、嬸嬸、姑姑 / 叫大嬸
170,狼,おおかみ,5,お,動物,狼
171,お寺,おてら,5,お,場所,寺廟
172,お金,おかね,5,お,金錢,錢
173,教える,おしえる,5,お,一般動作,教導、告訴
174,お腹が痛い,おなかがいたい,5,お,身體狀態,肚子痛
175,お腹が空く,おなかがすく,5,お,身體狀態,肚子餓
176,おいしい,おいしい,5,お,評價,好吃
177,遅い,おそい,5,お,い形容詞,慢的、晚的
178,美味しい,おいしい,5,お,い形容詞,好吃的
179,俺,おれ,5,お,人稱代名詞,我（男性用，較隨意、粗魯）
180,お前,おまえ,5,お,人稱代名詞,你（較粗魯、男性用）
181,俺たち,おれたち,5,お,人稱代名詞,我們（男性）
182,会社,かいしゃ,6,か,名,公司
183,階段,かいだん,6,か,名,樓梯
184,買い物,かいもの,6,か,名,買東西、買的東西；買得合算的東西
185,買う,かう,6,か,他五,買；招、招致；惹起；主動承擔；高度評價、賞識
186,返す,かえす,6,か,他五,歸還；回報、回敬；報仇；回禮
187,帰る,かえる,6,か,自五,回來（去）；歸去；（否定形式）死
188,顔,かお,6,か,名,臉、表情
189,鏡,かがみ,6,か,名,鏡子
190,鍵,かぎ,6,か,名,鑰匙；線索、關鍵
191,書く,かく,6,か,他五,寫、畫；寫文章
192,傘,かさ,6,か,名,傘
193,菓子,かし,6,か,名,點心、糖果
194,貸す,かす,6,か,他五,借款、貸款；出租；幫助、出力
195,数,かず,6,か,名,數目、數
196,風,かぜ,6,か,名,風；架子、派頭
197,風邪,かぜ,6,か,名,感冒
198,数える,かぞえる,6,か,他下一,數數；列舉
199,家族,かぞく,6,か,名,家族
200,肩,かた,6,か,名,肩膀；衣服的肩膀；器物的上方
201,勝つ,かつ,6,か,自五,得勝；勝過、超過
202,金,かね,6,か,名,金屬；金錢
203,鞄,かばん,6,か,名,包
204,壁,かべ,6,か,名,牆；障礙、障礙物
205,神,かみ,6,か,名,神
206,紙,かみ,6,か,名,紙；劃拳時的紙
207,髪,かみ,6,か,名,頭髮；髮型
208,雷,かみなり,6,か,名,雷
209,通う,かよう,6,か,自五,上班、走讀；交通工具往來；通往；心意相通；相似、相通
210,体,からだ,6,か,名,身體；身體狀況
211,借りる,かりる,6,か,他上一,借錢、東西等；借助
212,彼,かれ,6,か,名，代,他；情人（丈夫）
213,川，河,かわ,6,か,名,河、河流
214,皮，革,かわ,6,か,名,皮、表皮、皮革
215,缶,かん,6,か,名,（金屬）筒、罐、罐頭
216,考える,かんがえる,6,か,他下一,思考；深思熟慮；考慮；反省；精神準備、早做準備；決心；預見；想像；設法
217,漢字,かんじ,6,か,名,漢字
218,会社員,かいしゃいん,6,か,職業,公司職員
219,看護師,かんごし,6,か,職業,護士
220,烏,からす,6,か,鳥類,烏鴉
221,亀,かめ,6,か,兩棲類,烏龜
222,カエル,かえる,6,か,兩棲類,青蛙
223,蚊,か,6,か,昆蟲,蚊子
224,蟹,かに,6,か,水生動物,螃蟹
225,貝,かい,6,か,水生動物,貝類
226,川,かわ,6,か,自然,河川
227,～階,～かい,6,か,助数詞,樓層
228,～回,～かい,6,か,助数詞,回數
229,火曜日,かようび,6,か, 一週,星期二
230,確認する,かくにんする,6,か,工作相關動詞,確認
231,悲しい,かなしい,6,か,感覺與情緒,傷心、難過
232,風邪をひく,かぜをひく,6,か,身體狀態,感冒
233,簡単,かんたん,6,か,氣氛和狀態,簡單
234,辛い,からい,6,か,い形容詞,辣的
235,かなり,かなり,6,か,程度副詞,相當
236,彼女,かのじょ,6,か,人稱代名詞,她、女朋友
237,から,から,6,か,起點助詞,"起點、來源、理由
如:東京から来ました。（從東京來的。）"
238,か,か,6,か,選擇助詞,或、選擇(コーヒーかお茶を飲みます。（喝咖啡或茶。）)
239,外国,がいこく,47,が,名,外國
240,学生,がくせい,47,が,名,學生
241,学校,がっこう,47,が,名,學校
242,外国人,がいこくじん,47,が,人,外國人
243,が,が,47,が,主語助詞,"強調主語、表示新資訊
如:犬が好きです。（我喜歡狗。）"
244,木,き,7,き,名,樹、木材
245,気,き,7,き,名,空氣；氣氛；風味、味道；意志；心情；意識；（用“……する気”的形式表示）準備做；
246,黄色,きいろ,7,き,名,黃色
247,聞く，聴く,きく,7,き,他五,聽；聽說；聽從；遂願；問、詢問；聞（味）、品（嘗）
248,汽車,きしゃ,7,き,名,火車
249,季節,きせつ,7,き,名,季節
250,北,きた,7,き,名,北、北方、北面
251,切手,きって,7,き,名,郵票
252,切符,きっぷ,7,き,名,票、券
253,昨日,きのう,7,き,名,昨天；不久以前、過去
254,今日,きょう,7,き,名,今天
255,嫌い,きらい,7,き,形動，名,不喜歡；有點；（用否定式表示）不分
256,切る,きる,7,き,他五,切、剪；被刀劃受傷；解除關係；使中斷；限於；減少、降低；去掉水份等；改變方向；開
257,着る,きる,7,き,他上一,穿；背負
258,教師,きょうし,7,き,職業,教師（通常用於自稱）
259,兄弟,きょうだい,7,き,家庭,兄弟姐妹
260,狐,きつね,7,き,動物,狐狸
261,教会,きょうかい,7,き,設施,教堂
262,喫茶店,きっさてん,7,き,商業場所,咖啡店
263,九,きゅう / く,7,き,數字,九
264,金曜日,きんようび,7,き, 一週,星期五
265,聞く,きく,7,き,一般動作,聽、問
266,決める,きめる,7,き,工作相關動詞,決定
267,気分,きぶん,7,き,身體狀態,心情、身體狀況
268,きれい,きれい,7,き,評價,乾淨、美麗
269,厳しい,きびしい,7,き,い形容詞,嚴格的
270,君,きみ,7,き,人稱代名詞,你（較親密、對晚輩）
271,君たち,きみたち,7,き,人稱代名詞,你們（較親近）
272,銀行員,ぎんこういん,48,ぎ,職業,銀行職員
273,銀行,ぎんこう,48,ぎ,設施,銀行
274,食う,くう,8,く,他五,生活；蟲咬；緊逼對方；侵入對方的勢力範圍；打倒強手；費時、費錢；上年紀；遭到
275,草,くさ,8,く,名，接頭,草、飼草；非正式
276,薬,くすり,8,く,名,藥、益處
277,下さい,ください,8,く,連,請給我……；請幫我……
278,果物,くだもの,8,く,名,水果
279,口,くち,8,く,名,人或是動物的嘴；像嘴一樣張開的部分；語言、說法；傳聞；味覺；撫養的人數；（工作等
280,靴,くつ,8,く,名,鞋
281,国,くに,8,く,名,國家；地方；故鄉
282,首,くび,8,く,名,頸部；生命；免職、解雇
283,雲,くも,8,く,名,雲；模糊
284,暗い,くらい,8,く,形,昏暗；顏色不明朗；心情沉重；不熟悉、生疏；不光彩的
285,来る,くる,8,く,力変,來；來訪；季節、時間到來；送到；引進；來源於；起因；變成某種狀態
286,車,くるま,8,く,名,車輪；汽車、馬車
287,黒,くろ,8,く,名,黑色；值得懷疑
288,黒い,くろい,8,く,形,黑的；臉色黑；被弄髒；陰暗；心地骯髒；有犯罪嫌疑；不吉祥的
289,熊,くま,8,く,動物,熊
290,蜘蛛,くも,8,く,昆蟲,蜘蛛
291,鯨,くじら,8,く,水生動物,鯨魚
292,空港,くうこう,8,く,交通,機場（國際）
293,消す,けす,9,け,他五,滅火；關（燈、煤氣等）；刪除；包蓋、吸收；消滅；殺死
294,警察官,けいさつかん,9,け,職業,警察
295,研究者,けんきゅうしゃ,9,け,職業,研究員
296,警察署,けいさつしょ,9,け,設施,警察局
297,けれども,けれども,9,け,對比連接詞,但是、然而(比較有禮貌的轉折)
298,元気,げんき,50,げ,名，形動,有活力；健康
299,玄関,げんかん,50,げ,場所,玄關
300,月曜日,げつようび,50,げ, 一週,星期一
301,コンビニ,コンビニ,81,コ,場所,便利商店
302,公園,こうえん,10,こ,名,公園
303,声,こえ,10,こ,名,人或是動物所發出的聲音；語言；意見；跡象
304,此処,ここ,10,こ,代,這裡；最近；這時；目前的階段、範圍；這點
305,心,こころ,10,こ,名,精神；想法；心情、感覺；體貼心；真心；愛情；意義
306,答える,こたえる,10,こ,他下一,回答；解答
307,事,こと,10,こ,名,事情；理由；工作；內容
308,今年,ことし,10,こ,名,今年
309,子供,こども,10,こ,名,自己的兒女；年幼者
310,この,この,10,こ,連体,這、這個；這件（事）
311,此れ，是,これ,10,こ,代，感,此、這；現在；這人（用於家人或下屬）
312,怖い,こわい,10,こ,形,恐懼、恐怖、可怕、嚇人
313,今晩,こんばん,10,こ,名,今晚、今夜
314,公務員,こうむいん,10,こ,職業,公務員
315,高校生,こうこうせい,10,こ,職業,高中生
316,交番,こうばん,10,こ,設施,派出所（小型警察局）
317,交差点,こうさてん,10,こ,交通,十字路口
318,高校,こうこう,10,こ,場所,高中
319,このごろ,このごろ,10,こ,時間副詞,最近、這陣子
320,這個（近我）,これ,10,こ,事物和方向,這個（事物）
321,這樣（近我）,こう,10,こ,事物和方向,這樣
322,這邊（近我）,こちら / こっち,10,こ,事物和方向,這邊（方向、人）
323,午後,ごご,51,ご,名,午後、下午
324,ご飯,ごはん,51,ご,名,飯
325,ご主人,ごしゅじん,51,ご,別人家人,（您的）丈夫
326,五,ご,51,ご,數字,五
327,午前,ごぜん,51,ご,時間,上午
328,探す，捜す,さがす,11,さ,他五,追蹤；物色；尋找
329,魚,さかな,11,さ,名,魚
330,先,さき,11,さ,名,尖端、末梢、前頭；先、早；將來；以前；事前、事先；目的地；剩餘、繼續；對象、對方
331,酒,さけ,11,さ,名,酒
332,砂糖,さとう,11,さ,名,白砂糖
333,寒い,さむい,11,さ,形,寒冷；膽怯、心虛；簡陋的
334,さよなら,さよなら,11,さ,感,再見
335,皿,さら,11,さ,名，接尾,盤子；碟狀物；（做數量詞用）碟、盤
336,さん,さん,11,さ,接尾,用在人名、職務後表示尊敬
337,作家,さっか,11,さ,職業,作家
338,鮫,さめ,11,さ,水生動物,鯊魚
339,三,さん,11,さ,數字,三
340,～冊,～さつ,11,さ,助数詞,書本、雜誌
341,～歳 / ～才,～さい,11,さ,助数詞,年齡
342,寂しい,さびしい,11,さ,感覺與情緒,寂寞
343,最近,さいきん,11,さ,時間副詞,最近
344,さっき,さっき,11,さ,時間副詞,剛才、剛剛
345,最後に,さいごに,11,さ,先後順序,最後
346,さらに,さらに,11,さ,補充說明的連接詞,更進一步、而且
347,残業する,ざんぎょうする,52,ざ,工作相關動詞,加班
348,塩,しお,12,し,名,食鹽
349,下,した,12,し,名,下部、下放；樓下；內側；年紀小；（程度、地位等）低；剛……之後
350,知る,しる,12,し,他五,知道；注意到、醒悟；分辨、區分；理解內容；感到；預見、預知；體驗；相識；相關、介
351,白,しろ,12,し,名,白色；潔白（無罪）
352,白い,しろい,12,し,形,白
353,社員,しゃいん,12,し,職業,公司職員（某公司專屬，如「トヨタの社員」）
354,消防士,しょうぼうし,12,し,職業,消防員
355,小学生,しょうがくせい,12,し,職業,小學生
356,姉妹,しまい,12,し,家庭,姊妹
357,親戚,しんせき,12,し,家庭,親戚
358,鹿,しか,12,し,動物,鹿
359,市,し,12,し,場所,市（如「東京都」）
360,市役所,しやくしょ,12,し,設施,市政府
361,消防署,しょうぼうしょ,12,し,設施,消防局
362,島,しま,12,し,自然,島嶼
363,小学校,しょうがっこう,12,し,場所,小學
364,四,し / よん,12,し,數字,四（し較正式，よん較常用）
365,七,しち / なな,12,し,數字,七（しち較正式，なな較常用）
366,週,しゅう,12,し,日期,週
367,閉める,しめる,12,し,一般動作,關閉（門、窗等）
368,閉まる,しまる,12,し,一般動作,關（自動詞）
369,死ぬ,しぬ,12,し,一般動作,死亡
370,質問する,しつもんする,12,し,學習與工作,提問
371,仕事する,しごとする,12,し,工作相關動詞,工作（動詞用法）
372,出張する,しゅっちょうする,12,し,工作相關動詞,出差
373,心配する,しんぱいする,12,し,感覺與情緒,擔心
374,静か,しずか,12,し,氣氛和狀態,安靜
375,しょっぱい / 塩辛い,しょっぱい / しおからい,12,し,い形容詞,鹹的
376,親切,しんせつ,12,し,な形容詞,親切的
377,知らない,しらない,12,し,な形容詞,不知道的（這是個例外，形態上像い形容詞）
378,しかし,しかし,12,し,對比連接詞,但是、不過(書面語較正式)
379,しか,しか,12,し,強調助詞,只有（接否定）(水しか飲みません。（只喝水（沒有其他的）。）)
380,時間,じかん,53,じ,名,小時；時間、光陰；時刻
381,神社,じんじゃ,53,じ,設施,神社（日本神道）
382,十,じゅう,53,じ,數字,十
383,～時間,～じかん,53,じ,助数詞,時間（小時）
384,準備する,じゅんびする,53,じ,工作相關動詞,準備
385,重要,じゅうよう,53,じ,な形容詞,重要的
386,上手,じょうず,53,じ,な形容詞,擅長的
387,好き,すき,13,す,形動,喜愛的；隨心所欲
388,直ぐ,すぐ,13,す,副,馬上；不久；（距離）很近；容易、輕易
389,少し,すこし,13,す,副,少量、少數；一點點；稍微；一會兒
390,住む,すむ,13,す,自五,居住
391,する,する,13,す,サ変,做、幹；表示人的感覺；表示某種狀態；處於某種狀態；值（多少錢）、要；戴、佩
392,座る，坐る,すわる,13,す,自五,坐；就任
393,スーパー,すーぱー,13,す,商業場所,超級市場
394,水曜日,すいようび,13,す, 一週,星期三
395,座る,すわる,13,す,一般動作,坐下
396,酸っぱい,すっぱい,13,す,い形容詞,酸的
397,すごく,すごく,13,す,程度副詞,超級、非常
398,すぐ,すぐ,13,す,時間副詞,馬上、立刻
399,すでに,すでに,13,す,時間副詞,已經（較正式）
400,すると,すると,13,す,假設連接詞,"於是、結果
(表示前句的結果)"
401,先生,せんせい,14,せ,名,老師；對醫生、律師、政治家的敬稱
402,千,せん,14,せ,數字,一千
403,千円,せんえん,14,せ,金錢,一千日圓
404,説明する,せつめいする,14,せ,學習與工作,說明、解釋
405,狭い,せまい,14,せ,評價,狹窄的
406,全然,ぜんぜん,55,ぜ,頻率副詞,完全不（與否定一起用）
407,全部,ぜんぶ,55,ぜ,程度副詞,全部
408,其処,そこ　,15,そ,代,指距對方較近的場所、那兒；那一點
409,そして,そして,15,そ,接続,然後、於是
410,外,そと,15,そ,名,外面；戶外；外邊、外面；外部；外表、臉上
411,其の,その,15,そ,連体,那、那個；那時、那件事
412,空,そら,15,そ,名,天、空中；天氣；心情；謊言、假話；背誦
413,それ,それ,15,そ,代,那個；那件事；那時
414,祖父母,そふぼ,15,そ,家庭,祖父母
415,祖父,そふ,15,そ, 親屬,（我的）祖父（爺爺、外公）
416,祖母,そぼ,15,そ, 親屬,（我的）祖母（奶奶、外婆）
417,掃除する,そうじする,15,そ,家務,打掃
418,相談する,そうだんする,15,そ,工作相關動詞,商量、討論
419,そろそろ,そろそろ,15,そ,時間副詞,差不多該…了
420,それから,それから,15,そ,先後順序,之後、然後
421,那個（近對方）,それ,15,そ,事物和方向,那個（事物）
422,那樣（近對方）,そう,15,そ,事物和方向,那樣
423,那邊（近對方）,そちら / そっち,15,そ,事物和方向,那邊（方向、人）
424,それで,それで,15,そ,因果關係連接詞,因此、所以(表示因果關係)
425,それに,それに,15,そ,補充說明的連接詞,而且、再加上
426,それでは,それでは,15,そ,轉話題連接詞,那麼、那就
427,象,ぞう,56,ぞ,動物,大象
428,高い,たかい,16,た,形,高；在上面、在上空；聲音的頻率高；工資、費用、價格高；地位高；評價高、聲譽高；儀
429,立つ,たつ,16,た,自五,豎立；站起來；刺、紮；冒起、升起；門關著；決定、定下；開設；成立；保持、保住；被
430,楽しい,たのしい,16,た,形,快樂、愉快
431,食べる,たべる,16,た,他下一,吃；生活、生計
432,鷹,たか,16,た,鳥類,鷹
433,たこ,たこ,16,た,水生動物,章魚
434,建物,たてもの,16,た,場所,建築物
435,田,た,16,た,自然,農田
436,正しい,ただしい,16,た,い形容詞,正確的
437,大変,たいへん,16,た,な形容詞,很辛苦的、嚴重的
438,たいてい,たいてい,16,た,頻率副詞,大多、通常
439,たまに,たまに,16,た,頻率副詞,偶爾
440,たくさん,たくさん,16,た,程度副詞,很多
441,誰,だれ,57,だ,代,誰
442,大学生,だいがくせい,57,だ,職業,大學生
443,台所,だいどころ,57,だ,場所,廚房
444,大学,だいがく,57,だ,設施,大學
445,～台,～だい,57,だ,助数詞,機械、車輛
446,大好き,だいすき,57,だ,な形容詞,非常喜歡的
447,大嫌い,だいきらい,57,だ,な形容詞,非常討厭的
448,だれ / 誰,だれ,57,だ,疑問代名詞,誰
449,だから,だから,57,だ,因果關係連接詞,所以、因此(口語中常用)
450,だけ,だけ,57,だ,強調助詞,只有、僅(水だけ飲みます。（只喝水。）)
451,小さい,ちいさい,17,ち,形,（體積、面積、身長等）小；（數量、程度）微少、小、低；（年齡）幼小；瑣碎、細小；
452,小さな,ちいさな,17,ち,連体,小、微小
453,近い,ちかい,17,ち,形,近、靠近；最近、近日；親近；親密；近似於
454,違う,ちがう,17,ち,自五,不同、不符合；錯誤；不正常
455,力,ちから,17,ち,名,體力；力、重力、尹力、壓力；能力、實力；得力於……；效用、功效；權力、影響力；暴
456,父,ちち,17,ち,名,父親；創始者
457,ちょっと,ちょっと,17,ち,副,一會兒、一下；順便；相當、頗為；喂；一時（難以）、（不大）容易
458,中学生,ちゅうがくせい,17,ち,職業,國中生
459,蝶,ちょう,17,ち,昆蟲,蝴蝶
460,中学校,ちゅうがっこう,17,ち,場所,國中
461,使う,つかう,18,つ,他五,使用、利用工具；雇傭；使用語言；使用手段；做某事
462,月,つき,18,つ,名,月球；月
463,次,つぎ,18,つ,名,下次、下回；隔壁、鄰室
464,着く,つく,18,つ,自五,到達；觸及
465,机,つくえ,18,つ,名,書桌
466,作る,つくる,18,つ,他五,製作、加工；栽培；耕種；制定；創作；排成、形成；設立；創下紀錄等；抽空；交朋友、
467,土,つち,18,つ,名,土壤、泥土；地面、土地
468,冷たい,つめたい,18,つ,形,寒冷；冷淡、冷漠
469,強い,つよい,18,つ,形,強、強大；健康、結實；堅強、剛強；對……有抵抗力；棒、過硬；嚴格、強硬；牢固、緊
470,妻,つま,18,つ, 親屬,（我的）妻子
471,～つ,～つ,18,つ,助数詞,一般物品（個數）
472,つける,つける,18,つ,家務,打開（電燈、電器）
473,疲れる,つかれる,18,つ,感覺與情緒,疲倦
474,つまらない,つまらない,18,つ,い形容詞,無聊的、沒趣的
475,次に,つぎに,18,つ,先後順序,接著、然後
476,手,て,19,て,名,手；把手；動物的前腳；人手；手段、計略、策略；象棋等的走法；筆跡；種類；方向；手
477,天気,てんき,19,て,名,天氣；晴天；心情
478,店員,てんいん,19,て,職業,店員、售貨員
479,寺,てら,19,て,設施,寺廟（佛教）
480,手伝う,てつだう,19,て,工作相關動詞,幫忙、協助
481,出来る,できる,60,で,自上一,做好、做完；製作、製造；出產；形成、出現；天生的；設立、成立；可能；好、不錯；有
482,でも,でも,60,で,接続,但是、可是、不過
483,出る,でる,60,で,自下一,外出；邁出；出發、離去；出現；突出、露出；流出；出席；接電話；到達；超過；出版、
484,電話,でんわ,60,で,名，サ変,電話（機）；（打）電話
485,デパート,でぱーと,60,で,商業場所,百貨公司
486,ですから,ですから,60,で,因果關係連接詞,所以、因此(較正式，適合商務或敬語)
487,では,では,60,で,轉話題連接詞,"那麼
(「それでは」的縮略形式，口語更常用)"
488,で,で,60,で,方位助詞,"表示動作發生的地點、手段
如:バスで行きます。（搭公車去。）"
489,遠い,とおい,20,と,形,（距離）遠；（時間）長；關係疏遠；遲鈍、不敏銳；相差懸殊
490,時,とき,20,と,名,時間；時辰；時候；時代；季節；當時的；好時機；場合
491,時計,とけい,20,と,名,鐘錶
492,所，処,ところ,20,と,名,地點；地區；住處；餘地；部分；之處；正……的時候；內容、範圍
493,年,とし,20,と,名,年；年齡
494,とても,とても,20,と,副,怎麼也；極其
495,止まる,とどまる,20,と,自五,止於、限於
496,止める,とどめる,20,と,他下一,止住、停止；限於（某種程度）
497,友達,ともだち,20,と,名,友人、朋友
498,取る,とる,20,と,他五,拿、握、攥；除掉、去掉；奪取、偷盜；掌權；掌管天下；獲得；拿取（食物）、進行（睡
499,虎,とら,20,と,動物,老虎
500,鳥,とり,20,と,鳥類,鳥
501,トイレ,といれ,20,と,場所,廁所
502,図書館,としょかん,20,と,設施,圖書館
503,～頭,～とう,20,と,助数詞,動物（大型）
504,特別,とくべつ,20,と,な形容詞,特別的
505,ときどき,ときどき,20,と,頻率副詞,有時候
506,ところが,ところが,20,と,對比連接詞,可是、然而(表示意想不到的轉折)
507,ところで,ところで,20,と,轉話題連接詞,"對了、順帶一提
(轉換話題時使用)"
508,と,と,20,と,方式助詞,與...一起、直接引用(友達と行きます。（和朋友一起去。）)
509,どう,どう,61,ど,副,怎麼樣、怎麼、如何
510,どうして,どうして,61,ど,副，感,怎樣；為什麼；哪裡
511,どうぞ,どうぞ,61,ど,副,設法；請；請吧
512,どうも,どうも,61,ど,副,怎麼也；總覺得；實在；（用來打招呼或表示）感謝、歉意
513,何処,どこ,61,ど,代,哪兒
514,どの,どの,61,ど,連体,哪個
515,動物,どうぶつ,61,ど,動物,動物
516,動物園,どうぶつえん,61,ど,商業場所,動物園
517,土曜日,どようび,61,ど, 一週,星期六
518,哪個（疑問）,どれ,61,ど,事物和方向,哪個（事物）
519,怎樣（疑問）,どう,61,ど,事物和方向,怎樣
520,哪邊（疑問）,どちら / どっち,61,ど,事物和方向,哪邊（方向、人）
521,どこ,どこ,61,ど,疑問代名詞,哪裡、哪個地方
522,どれ,どれ,61,ど,疑問代名詞,哪個（在三個或以上選擇時使用）
523,どちら,どちら,61,ど,疑問代名詞,哪邊、哪個（較正式）
524,どんな,どんな,61,ど,疑問代名詞,什麼樣的
525,名,な,21,な,名,名稱、名字；名聲、聲譽；名義、名目
526,無い，亡い,ない,21,な,形,無、沒有；死去
527,ない,ない,21,な,補助動词,不、沒有
528,中,なか,21,な,名,內部、裡面；（事物）進行中；（順序）中等、中級
529,長い，永い,ながい,21,な,形,距離遠的、長的；（時間）長；永別；耐性好
530,泣く,なく,21,な,自五,啼哭、哭泣；感覺為難、吃苦頭、懊悔；忍痛降價
531,何故,なぜ,21,な,副,為什麼、何故
532,夏,なつ,21,な,名,夏天
533,何,なに,21,な,代，副，感,什麼；那、那個任何；（用以否定對方的話）哪裡、沒什麼；表示意想不到、驚愕
534,名前,なまえ,21,な,名,姓名、名字；（事物的）名稱
535,習う,ならう,21,な,他五,學習、練習
536,成る，生る,なる,21,な,自五,結果實；成為、到達；變成……狀態；變得……；到（某時刻、某個數量）；起作用；（お
537,長い,ながい,21,な,い形容詞,長的
538,なので,なので,21,な,因果關係連接詞,因此、所以(「な形容詞 + なので」的形式)
539,肉,にく,22,に,名,（人的）肌肉；肉類；果肉；肉體；（肌肉或者物體的）厚度；印泥
540,西,にし,22,に,名,西風；（佛）西天、淨土；西歐各國
541,日本,にほん,22,に,名,日本
542,日本人,にほんじん,22,に,人,日本人
543,鶏,にわとり,22,に,鳥類,雞
544,肉屋,にくや,22,に,商業場所,肉店
545,二,に,22,に,數字,二
546,～人,～にん,22,に,助数詞,人數
547,日曜日,にちようび,22,に, 一週,星期日
548,にぎやか,にぎやか,22,に,氣氛和狀態,熱鬧
549,苦い,にがい,22,に,い形容詞,苦的
550,賑やか,にぎやか,22,に,な形容詞,熱鬧的
551,に,に,22,に,方位助詞,"表示時間、地點、方向
如:学校に行きます。（去學校。）"
552,猫,ねこ,24,ね,名,貓；藝妓
553,眠い,ねむい,24,ね,形,想睡的
554,眠る,ねむる,24,ね,自五,睡；長眠、死；埋藏、放置、不被利用
555,寝る,ねる,24,ね,自下一,躺下；睡覺；因病臥床；積壓
556,ね,ね,24,ね,提示助詞,確認、附和(きれいですね。（好漂亮呢！）)
557,上る,のぼる,25,の,自五,向上移動；溯流航行；就高位；從地方向首府移動；達到、高達；被提起
558,飲む，呑む,のむ,25,の,他五,喝、喝酒；抽、吸；接受；壓倒、勝過；隱匿、隱藏
559,乗る,のる,25,の,自五,乘、坐、騎；登上；和著、附和；乘勢、乘機；上當、受騙；附著、上膘
560,農家,のうか,25,の,職業,農夫
561,飲む,のむ,25,の,一般動作,喝、吞（藥）
562,のどが渇く,のどがかわく,25,の,身體狀態,口渴
563,ので,ので,25,の,方式助詞,表示原因（較禮貌）(頭が痛いので、休みます。（因為頭痛，所以請假。）)
564,歯,は,26,は,名,牙齒；齒狀物、器物的齒
565,穿く，履く,はく,26,は,他五,穿（鞋、襪等）
566,箱,はこ,26,は,名,箱子；（電車、火車）車廂
567,箸,はし,26,は,名,筷子
568,始まる,はじまる,26,は,自五,開始；開始（老一套行為）；（後接否定表示）無用、白費勁
569,始め，初め,はじめ,26,は,名,最初；起初；以……為首
570,始める,はじめる,26,は,他下一,開始；開始（老一套的行為）；開始做……
571,走る,はしる,26,は,自五,跑；行駛、賓士、運行；逃亡；傾向於（不好的方向）；（文筆）流暢；伸展；突然出現
572,二十，二十歳,はたち,26,は,名,二十歲
573,働く,はたらく,26,は,自他五,勞動、工作；作用；幹壞事
574,二十日,はつか,26,は,名,二十號；二十天
575,花,はな,26,は,名,花；櫻花；花道；黃金時代；最好的；精華
576,鼻,はな,26,は,名,鼻子；鼻涕
577,話,はなし,26,は,名,談話、話題；商量、商談；故事；傳言、謠傳；道理；事情
578,話す,はなす,26,は,他五,說、講；商量、商談；說（外語等）
579,母,はは,26,は,名,母親；事物產生的根源、母
580,速い,はやい,26,は,形,快、迅速
581,早い,はやい,26,は,形,早；為時尚早、還不到時候；時間短、快
582,腹,はら,26,は,名,腹、肚子；鼓出的部分；內心、想法；度量
583,春,はる,26,は,名,春天；明年；最盛期；青春期
584,鳩,はと,26,は,鳥類,鴿子
585,蜂,はち,26,は,昆蟲,蜜蜂
586,博物館,はくぶつかん,26,は,設施,博物館
587,花屋,はなや,26,は,商業場所,花店
588,橋,はし,26,は,交通,橋樑
589,林,はやし,26,は,自然,樹林
590,畑,はたけ,26,は,自然,農地（非水田）
591,八,はち,26,は,數字,八
592,払う,はらう,26,は,購物動詞,付錢
593,恥ずかしい,はずかしい,26,は,感覺與情緒,害羞、不好意思
594,速い / 早い,はやい,26,は,い形容詞,快的 / 早的
595,は,は,26,は,主語助詞,"主題標示，強調後面的內容
如:私は学生です。（我是學生。）"
596,場所,ばしょ,62,ば,名,場所、地方；所占的位置；相撲賽季
597,バス停,ばすてい,62,ば,交通,公車站
598,ばかり,ばかり,62,ば,強調助詞,只、剛剛(ゲームばかりしています。（只在玩遊戲。）)
599,パン屋,ぱんや,67,ぱ,商業場所,麵包店
600,火，灯,ひ,27,ひ,名,火、火焰；燈火、燈光
601,日,ひ,27,ひ,名,太陽；白晝、白天；一晝夜；（特定的）一天、日子；時期、時代；日期、期限；時候
602,東,ひがし,27,ひ,名,東
603,引く,ひく,27,ひ,他自五,拉、拽；拔出、抽（簽）；收回、縮回；搭拉、拖；引導、領；消減、扣除；引進、安裝（
604,低い,ひくい,27,ひ,形,低、矮；低賤；低微
605,左,ひだり,27,ひ,名,左翼
606,人,ひと,27,ひ,名,人、人類；個人；成人；人品；他人；人手
607,一つ,ひとつ,27,ひ,名，副,一個、一歲；表示強調；一體、一樣；一方面；試一試、稍微；請
608,一人，独り,ひとり,27,ひ,名，副,一個人；獨身；獨自；（後接否定）僅僅、只是
609,百,ひゃく,27,ひ,名,一百；許多；百歲
610,開く,ひらく,27,ひ,自他五,開啟、敞開；打開；（割る）（砕く）等詞的避諱說法；（數學）開方；開始；開；開花；
611,昼,ひる,27,ひ,名,白天、白晝；中午、正午；午飯
612,羊,ひつじ,27,ひ,動物,羊
613,飛行場,ひこうじょう,27,ひ,交通,飛機場（小型）
614,～匹,～ひき,27,ひ,助数詞,動物（小型）
615,広い,ひろい,27,ひ,評價,寬廣的
616,美容師,びようし,63,び,職業,美容師
617,病院,びょういん,63,び,設施,醫院
618,美術館,びじゅつかん,63,び,設施,美術館
619,秒,びょう,63,び,時間,秒
620,病気,びょうき,63,び,身體狀態,生病
621,服,ふく,28,ふ,名,衣服
622,袋,ふくろ,28,ふ,名,口袋；水果的內皮
623,二つ,ふたつ,28,ふ,名,二、兩個；第二；兩歲
624,太い,ふとい,28,ふ,形,粗、胖、肥；（聲音）粗；臉皮厚、厚顏無恥
625,船，舟,ふね,28,ふ,名,船；槽、盆
626,冬,ふゆ,28,ふ,名,冬
627,古い,ふるい,28,ふ,形,舊、老、不新鮮；陳舊、過時
628,夫婦,ふうふ,28,ふ,家庭,夫妻
629,ふくろう,ふくろう,28,ふ,鳥類,貓頭鷹
630,風呂,ふろ,28,ふ,場所,浴室、澡堂
631,～分,～ふん / ～ぷん,28,ふ,助数詞,時間（分鐘）
632,分,ふん / ぷん,28,ふ,時間,分鐘
633,不便,ふべん,28,ふ,な形容詞,不方便的
634,豚,ぶた,64,ぶ,名,豬
635,部屋,へや,29,へ,名,房間；（相撲）師傅訓練徒弟的地方；宮中仕女的房間
636,蛇,へび,29,へ,兩棲類,蛇
637,下手,へた,29,へ,な形容詞,不擅長的
638,へ,へ,29,へ,方位助詞,"表示方向（「に」的替代用法）
如:日本へ行きます。（去日本。）"
639,勉強,べんきょう,65,べ,名，サ変,學習；賤賣、便宜
640,弁護士,べんごし,65,べ,職業,律師
641,ベランダ,べらんだ,65,べ,場所,陽台
642,勉強する,べんきょうする,65,べ,一般動作,學習、讀書
643,便利,べんり,65,べ,な形容詞,方便的
644,外，他,ほか,30,ほ,名，助,其他地方或方位；其他人、事、物等；在……之外；只有
645,星,ほし,30,ほ,名,星星；斑點；星號；運勢；得分；目標；嫌疑犯
646,欲しい,ほしい,30,ほ,形,希望得到；希望、要求
647,本,ほん,30,ほ,名,書、書籍
648,本当,ほんとう,30,ほ,名，形動,真正、真實；本來；的確、相當
649,本屋,ほんや,30,ほ,商業場所,書店
650,～本,～ほん,30,ほ,助数詞,長型物品（筆、瓶子等）
651,ほとんど,ほとんど,30,ほ,頻率副詞,幾乎不（與否定一起用）
652,僕,ぼく,66,ぼ,人稱代名詞,我（男性常用，較溫和）
653,僕たち / 僕ら,ぼくたち / ぼくら,66,ぼ,人稱代名詞,我們（男性）
654,毎,まい,31,ま,接頭,每
655,前,まえ,31,ま,名,正前方；前面；正面；面前；以前、從前；在……之前；（順序）前面；相當於、等於
656,街，町,まち,31,ま,名,城鎮；街道
657,待つ,まつ,31,ま,他五,等待；期待、指望
658,窓,まど,31,ま,名,窗戶
659,丸い，円い,まるい,31,ま,形,圓形的、球形的；彎曲；圓滑、圓滿
660,町 / 街,まち,31,ま,場所,城鎮、街道
661,万,まん,31,ま,數字,一萬
662,～枚,～まい,31,ま,助数詞,薄扁物（紙、票、盤子等）
663,まずい,まずい,31,ま,評價,難吃
664,まあまあ,まあまあ,31,ま,程度副詞,還可以、普普通通
665,まだ,まだ,31,ま,時間副詞,還（沒）
666,まず,まず,31,ま,先後順序,首先
667,また,また,31,ま,補充說明的連接詞,另外、還有
668,まで,まで,31,ま,起點助詞,"終點、範圍
如:駅まで歩きます。（走到車站。）"
669,見える,みえる,32,み,自下一,看得見；顯出、顯得；（敬）光臨；看樣子好象、似乎
670,右,みぎ,32,み,名,右；以上、前文；右傾；強的一方
671,水,みず,32,み,名,水；洪水；（相撲）比賽暫停
672,店,みせ,32,み,名,店
673,道,みち,32,み,名,道路；路程；道理；方法；領域；過程
674,皆,みな,32,み,名,各位、全體；都、全
675,南,みなみ,32,み,名,南
676,耳,みみ,32,み,名,耳朵；聽力；（麵包、布、紙等的）邊緣
677,都,みやこ,32,み,名,首都；具有某種特點的城市
678,見る,みる,32,み,他上一,看；判斷；經歷；吃虧、上當；觀察；照料；試試看；一見；既然；一看
679,港,みなと,32,み,交通,港口
680,湖,みずうみ,32,み,自然,湖泊
681,見せる,みせる,32,み,一般動作,展示、給…看
682,短い,みじかい,32,み,い形容詞,短的
683,皆さん,みなさん,32,み,人稱代名詞,各位、大家
684,昔,むかし,33,む,名,從前；（已過去的）十來年時間
685,虫,むし,33,む,名,蟲；熱衷於某一事物、入迷的人；怒氣、氣憤、鬱悶；小孩生病、發脾氣鬧人；對好哭、軟
686,難しい,むずかしい,33,む,形,困難、難解決；繁瑣；不高興；好挑剔的、不易相處的
687,息子,むすこ,33,む,名,兒子；浪蕩子
688,娘,むすめ,33,む,名,女兒；姑娘
689,村,むら,33,む,名,村、村莊；鄉村
690,息子さん,むすこさん,33,む,別人家人,（您的）兒子
691,娘さん,むすめさん,33,む,別人家人,（您的）女兒
692,目，眼,め,34,め,名，接尾,眼；視力；眼光、看法；經驗；（形狀、位置等）與眼相似；（網）眼、孔、格；第；相接
693,持つ,もつ,35,も,自他五,持、拿；攜帶；擁有；具有；懷有、抱有；承擔；擔負；支持、維持
694,もっと,もっと,35,も,副,更、更加
695,物,もの,35,も,名,物體、物品、東西；所有物、所持物；食物；品質、材料；反之任何事物、凡事；文章
696,森,もり,35,も,名,森林、樹林
697,木曜日,もくようび,35,も, 一週,星期四
698,もらう,もらう,35,も,一般動作,收到、得到
699,もう,もう,35,も,時間副詞,已經
700,もし,もし,35,も,假設連接詞,"如果、假如
(假設條件，常與「～なら」「～たら」一起用)"
701,も,も,35,も,強調助詞,也、都(私も学生です。（我也是學生。）)
702,安い,やすい,36,や,形,便宜、低廉、賤
703,休み,やすみ,36,や,名,休息；睡覺；休假；缺席、缺勤、請假；中斷
704,休む,やすむ,36,や,自他五,休息；睡覺；曠工、曠課、缺席、休假、請假；停歇、暫停
705,山,やま,36,や,名,山嶽、小山；礦山；成堆、堆積如山；凸出的部分；成堆；最高峰、最高潮；押寶、投機
706,薬局,やっきょく,36,や,設施,藥局
707,八百屋,やおや,36,や,商業場所,蔬菜水果店
708,辞める,やめる,36,や,工作相關動詞,辭職、停止
709,優しい,やさしい,36,や,い形容詞,溫柔的、親切的
710,や,や,36,や,選擇助詞,舉例（不限定）(本やノートがあります。（有書和筆記本等。）)
711,雪,ゆき,37,ゆ,名,雪；潔白、雪白
712,指,ゆび,37,ゆ,名,手指、指頭
713,郵便局,ゆうびんきょく,37,ゆ,設施,郵局
714,遊園地,ゆうえんち,37,ゆ,商業場所,遊樂園
715,夕方,ゆうがた,37,ゆ,時間,傍晚
716,有名,ゆうめい,37,ゆ,な形容詞,有名的
717,世,よ,38,よ,名,世上、世間；人生；佛教中的過去、現在、未來三世；時勢；時代
718,良い,よい,38,よ,形,好、優秀；美麗；恰好、適當；有益；令人滿意；完成、充分；幸運；方便、沒關係；關係
719,ようこそ,ようこそ,38,よ,感,歡迎、熱烈歡迎
720,よく,よく,38,よ,副,充分、完全；做得好；太好了、真好；經常；居然、難為；竟敢
721,横,よこ,38,よ,名,橫、寬；橫向；旁邊；橫線
722,呼ぶ,よぶ,38,よ,他五,呼喊；叫來；邀請；稱呼、叫；引起；招致
723,読む,よむ,38,よ,他五,讀、念、誦；閱讀、理解；解毒；瞭解；觀察、揣摩；點數；考慮棋的著數
724,より,より,38,よ,格助，副,出發點、起點；時間的起點；比較的基準；以外；更加；由於
725,夜,よる,38,よ,名,夜間、晚上
726,弱い,よわい,38,よ,形,軟弱、虛弱；脆弱、易壞的；微弱；不擅長、經不住
727,幼稚園,ようちえん,38,よ,設施,幼稚園
728,よ,よ,38,よ,提示助詞,強調、通知(これは私の本ですよ。（這是我的書喔！）)
729,留学生,りゅうがくせい,40,り,人,留學生
730,両親,りょうしん,40,り,人,雙親
731,料理人,りょうりにん,40,り,職業,廚師
732,漁師,りょうし,40,り,職業,漁夫
733,レストラン,れすとらん,42,れ,商業場所,餐廳
734,練習する,れんしゅうする,42,れ,學習與工作,練習
735,連絡する,れんらくする,42,れ,工作相關動詞,聯絡
736,六,ろく,43,ろ,數字,六
737,若い,わかい,44,わ,形,年輕；有活力的；幼稚、未成熟；（數字、號碼）小
738,分かる，判る,わかる,44,わ,自五,理解、洞察；明白、發現；知道、認知、判斷；判明；懂事
739,私,わたくし,44,わ,名，代,自己、我；私人
740,笑う,わらう,44,わ,自他五,笑、微笑；嘲諷；花開、開綻
741,悪い,わるい,44,わ,形,壞、不好、惡；錯誤、不對；惡劣、不利；不正常的；不愉快、不舒暢；有害、不利；身體
742,ワニ,わに,44,わ,兩棲類,鱷魚
743,～羽,～わ,44,わ,助数詞,鳥類 & 兔子
744,忘れる,わすれる,44,わ,一般動作,忘記
745,分かる,わかる,44,わ,一般動作,明白、理解
746,私たち,わたしたち,44,わ,人稱代名詞,我們
747,を,を,45,を,目的語助詞,"直接受詞標示（動作的對象）
如:本を読みます。（讀書。）"
