word_id,words,pron,letter_order,letter,type,meaning_cn,meaning_zh_
1,遭う,あい,1,あ,自五,遇到,遇到
2,遇う,あい,1,あ,自五,遭遇,遭遇
3,挨拶,あいさつ,1,あ,名，サ変,问候,問候
4,間,あいだ,1,あ,名,间隔,間隔
5,会う,あう,1,あ,自五,见面,見面
6,合う,あう,1,あ,自五，辅助,适合,適合
7,喘ぐ,あえぐ,1,あ,自五,喘气,喘氣
8,青い,あおい,1,あ,形,蓝色,藍色
9,仰ぐ,あおぐ,1,あ,他五,仰望,仰望
10,煽ぐ,あおぐ,1,あ,他五,扇风、煽动,扇風、煽動
11,赤,あか,1,あ,名,红色,紅色
12,赤い,あかい,1,あ,形,红色的,紅色的
13,上がる,あがる,1,あ,自五，辅助,上升,上升
14,明るい,あかるい,1,あ,形,明亮,明亮
15,秋,あき,1,あ,名,秋天,秋天
16,明らか,あきらか,1,あ,形動,明显,明顯
17,開く,あく,1,あ,自五,打开,打開
18,明く,あく,1,あ,自五,被敝开,被敝開
19,空く,あく,1,あ,自五,空闲,空閒
20,開く,あく,1,あ,自五,打开,打開
21,明く,あく,1,あ,自五,被敝开,被敝開
22,明ける,あける,1,あ,他下一,天亮,天亮
23,空ける,あける,1,あ,他下一,腾空,騰空
24,挙げる,あげる,1,あ,他下一,举起,舉起
25,上げる,あげる,1,あ,他下一,提高,提高
26,揚げる,あげる,1,あ,他下一,油炸,油炸
27,憧れる,あこがれる,1,あ,自下一,憧憬,憧憬
28,朝,あさ,1,あ,名,早晨,早晨
29,浅い,あさい,1,あ,形,浅的,淺的
30,鮮やか,あざやか,1,あ,形動,鲜艳,鮮豔
31,足,あし,1,あ,名,脚,腳
32,味,あじ,1,あ,名,味道,味道
33,明日,あした,1,あ,名,明天,明天
34,味わう,あじわう,1,あ,他五,品尝,品嚐
35,預かる,あずかる,1,あ,他五,保管,保管
36,預ける,あずける,1,あ,他下一,寄存,寄存
37,焦る,あせる,1,あ,自五,着急,著急
38,遊ぶ,あそぶ,1,あ,自五,游玩,遊玩
39,与える,あたえる,1,あ,他下一,给予,給予
40,暖かい,あたたかい,1,あ,形,温暖（指天气、气候）,溫暖（指天氣、氣候）
41,温かい,あたたかい,1,あ,形,温热（指物体、食物、态度、心意）,溫熱（指物體、食物、態度、心意）
42,頭,あたま,1,あ,名,头部,頭部
43,新しい,あたらしい,1,あ,形,新的,新的
44,辺り,あたり,1,あ,名,附近,附近
45,当たり前,あたりまえ,1,あ,形動,理所当然,理所當然
46,当たる,あたる,1,あ,自五,命中,命中
47,あちこち,あちこち,1,あ,代,四处,四處
48,あちら,あちら,1,あ,代，名,那边,那邊
49,熱い,あつい,1,あ,形,烫的,燙的
50,暑い,あつい,1,あ,形,炎热,炎熱
51,厚い,あつい,1,あ,形,厚的,厚的
52,篤い,あつい,1,あ,形,深厚,深厚
53,扱う,あつかう,1,あ,他五,处理,處理
54,あっさり,あっさり,1,あ,副,简单,簡單
55,集まる,あつまる,1,あ,自五,聚集,聚集
56,集める,あつめる,1,あ,他下一,收集,收集
57,圧力,あつりょく,1,あ,名,压力,壓力
58,宛て名,あてな,1,あ,名,收件人姓名,收件人姓名
59,当てる,あてる,1,あ,他下一,碰撞,碰撞
60,後,あと,1,あ,名,之后,之後
61,後始末,あとしまつ,1,あ,名，サ変,善后处理,善後處理
62,穴,あな,1,あ,名,穴,穴
63,孔,あな,1,あ,名,洞,洞
64,貴方,あなた,1,あ,代,你,你
65,兄,あに,1,あ,名,哥哥,哥哥
66,姉,あね,1,あ,名,姐姐,姐姐
67,あの,あの,1,あ,連体,那个,那個
68,暴く,あばく,1,あ,他五,揭露,揭露
69,暴れる,あばれる,1,あ,自下一,胡闹,胡鬧
70,浴びせる,あびせる,1,あ,他下一,浇水,澆水
71,浴びる,あびる,1,あ,他上一,沐浴,沐浴
72,危ない,あぶない,1,あ,形,危险,危險
73,油,あぶら,1,あ,名,油（液体，如食用油、机油等）,油（液體，如食用油、機油等）
74,脂,あぶら,1,あ,名,脂肪（固态，如动物脂肪、皮脂等）,脂肪（固態，如動物脂肪、皮脂等）
75,溢れる,あふれる,1,あ,自下一,溢出,溢出
76,阿呆,あほう,1,あ,名，形動,傻瓜,傻瓜
77,甘い,あまい,1,あ,形,甜的,甜的
78,甘える,あまえる,1,あ,自下一,撒娇,撒嬌
79,余る,あまる,1,あ,自五,剩余,剩餘
80,網,あみ,1,あ,名,网,網
81,編む,あむ,1,あ,他五,编织,編織
82,雨,あめ,1,あ,名,雨,雨
83,怪しい,あやしい,1,あ,形,可疑,可疑
84,怪しむ,あやしむ,1,あ,他五,怀疑,懷疑
85,操る,あやつる,1,あ,他五,操控,操控
86,過ち,あやまち,1,あ,名,错误,錯誤
87,誤る,あやまる,1,あ,他五,弄错,弄錯
88,謝る,あやまる,1,あ,他五,道歉,道歉
89,荒い,あらい,1,あ,形,粗暴,粗暴
90,洗う,あらう,1,あ,他五,清洗,清洗
91,粗筋,あらすじ,1,あ,名,概要,概要
92,争う,あらそう,1,あ,他五,争斗,爭鬥
93,改まる,あらたまる,1,あ,自五,改变,改變
94,改める,あらためる,1,あ,他下一,修正,修正
95,現す,あらわす,1,あ,他五,展现,展現
96,著す,あらわす,1,あ,他五,著作,著作
97,表わす,あらわす,1,あ,他五,表达,表達
98,現れる,あらわれる,1,あ,自下一,出现,出現
99,有り難い,ありがたい,1,あ,形,感激,感激
100,ありがとう,ありがとう,1,あ,感,谢谢,謝謝
101,在る,ある,1,あ,自五,存在,存在
102,或いは,あるいは,1,あ,接,或者,或者
103,歩く,あるく,1,あ,自五,步行,步行
104,あれ,あれ,1,あ,代名，感,那个,那個
105,荒れる,あれる,1,あ,自下一,荒废,荒廢
106,泡,あわ,1,あ,名,泡沫,泡沫
107,淡い,あわい,1,あ,形,淡的,淡的
108,合わせる,あわせる,1,あ,他下一,调整、配合,調整、配合
109,併わせる,あわせる,1,あ,他下一,合并、统一,合併、統一
110,慌ただしい,あわただしい,1,あ,形,匆忙,匆忙
111,慌てる,あわてる,1,あ,自下一,慌张,慌張
112,哀れ,あわれ,1,あ,名,悲哀,悲哀
113,暗記,あんき,1,あ,名，サ変,背诵,背誦
114,安心,あんしん,1,あ,名，サ変，行動,安心,安心
115,安全,あんぜん,1,あ,名，形動,安全,安全
116,安定,あんてい,1,あ,名，サ変,稳定,穩定
117,案内,あんない,1,あ,名，サ変,指引,指引
118,良い,いい,2,い,形,好、良好,好、良好
119,好い,いい,2,い,形,好、良好,好、良好
120,いい加減,いいかげん,2,い,名，副，形動,适度,適度
121,言う,いう,2,い,自，他五,说,說
122,家,いえ,2,い,名,家,家
123,家柄,いえがら,2,い,名,家世,家世
124,以下,いか,2,い,名,以下,以下
125,如何,いかが,2,い,副，形動,如何,如何
126,生かす,いかす,2,い,他五,活用,活用
127,息,いき,2,い,名,呼吸,呼吸
128,勢い,いきおい,2,い,名,气势,氣勢
129,息抜き,いきぬき,2,い,名，サ変,放松,放鬆
130,生きる,いきる,2,い,自上一,生存,生存
131,行く,いく,2,い,自五,去,去
132,幾つ,いくつ,2,い,名,几岁,幾歲
133,幾ら,いくら,2,い,名,多少钱,多少錢
134,池,いけ,2,い,名,池塘,池塘
135,いけない,いけない,2,い,形,不行,不行
136,生ける,いける,2,い,他下一,栽培,栽培
137,意見,いけん,2,い,名，サ変,意见,意見
138,以後,いご,2,い,名,以后,以後
139,勇ましい,いさましい,2,い,形,勇敢,勇敢
140,石,いし,2,い,名,石头,石頭
141,意地,いじ,2,い,名,固执,固執
142,維持,いじ,2,い,名，サ変,维持,維持
143,医者,いしゃ,2,い,名,医生,醫生
144,以上,いじょう,2,い,名,以上,以上
145,椅子,いす,2,い,名,椅子,椅子
146,忙しい,いそがしい,2,い,形,忙碌,忙碌
147,急ぐ,いそぐ,2,い,自他五,赶快,趕快
148,痛い,いたい,2,い,形,疼痛,疼痛
149,抱く,いだく,2,い,他五,拥抱,擁抱
150,致す,いたす,2,い,他五,做,做
151,頂く,いただく,2,い,他五,领受、接受,領受、接受
152,戴く,いただく,2,い,他五,领受、接受,領受、接受
153,痛む,いたむ,2,い,自五,疼痛、损伤,疼痛、損傷
154,傷む,いたむ,2,い,自五,损坏、腐烂,損壞、腐爛
155,至る,いたる,2,い,自五,到达,到達
156,位置,いち,2,い,名,位置,位置
157,一時,いちじ,2,い,名，副,暂时,暫時
158,著しい,いちじるしい,2,い,形,显著,顯著
159,一日,いちにち,2,い,名,一天,一天
160,一番,いちばん,2,い,名，副,第一,第一
161,一面,いちめん,2,い,名,一面,一面
162,何時,いつ,2,い,代,什么时候,什麼時候
163,一緒,いっしょ,2,い,名,一起,一起
164,一杯,いっぱい,2,い,名，副,满满,滿滿
165,一般,いっぱん,2,い,名,一般,一般
166,一方,いっぽう,2,い,名，副助，接,一方面,一方面
167,いつも,いつも,2,い,副,总是,總是
168,偽る,いつわる,2,い,他五,欺骗,欺騙
169,糸,いと,2,い,名,线,線
170,従兄弟,いとこ,2,い,名,堂兄弟姐妹,堂兄弟姐妹
171,以内,いない,2,い,接尾,以内,以內
172,田舎,いなか,2,い,名,乡下,鄉下
173,犬,いぬ,2,い,名,狗,狗
174,稲,いね,2,い,名,稻米,稻米
175,命,いのち,2,い,名,生命,生命
176,祈る,いのる,2,い,他五,祈祷,祈禱
177,威張る,いばる,2,い,自五,自大,自大
178,今,いま,2,い,名，副,现在,現在
179,居間,いま,2,い,名,客厅,客廳
180,戒める,いましめる,2,い,他下一,警戒,警戒
181,意味,いみ,2,い,名,意思,意思
182,妹,いもうと,2,い,名,妹妹,妹妹
183,嫌,いや,2,い,形動,讨厌,討厭
184,いよいよ,いよいよ,2,い,副,终于,終於
185,以来,いらい,2,い,名,以来,以來
186,いらいら,いらいら,2,い,副，サ変,焦躁,焦躁
187,いらっしゃる,いらっしゃる,2,い,自五,在场,在場
188,入る,いる,2,い,自五,进入,進入
189,要る,いる,2,い,自五,需要,需要
190,居る,いる,2,い,自上一,存在,存在
191,入れる,いれる,2,い,他下一,放入,放入
192,色,いろ,2,い,名,颜色,顏色
193,色色,いろいろ,2,い,名，副，形動,各种各样,各種各樣
194,祝う,いわう,2,い,他五,庆祝,慶祝
195,印象,いんしょう,2,い,名,印象,印象
196,上,うえ,3,う,名,上面,上面
197,植える,うえる,3,う,他下一,种植,種植
198,伺う,うかがう,3,う,他五,请教,請教
199,浮かぶ,うかぶ,3,う,自五,浮现,浮現
200,浮く,うく,3,う,自五,漂浮,漂浮
201,受け入れる,うけいれる,3,う,他下一,接受,接受
202,受け付ける,うけつける,3,う,他下一,受理,受理
203,受け取る,うけとる,3,う,他五,接收,接收
204,受ける,うける,3,う,自，他下一,接受,接受
205,動かす,うごかす,3,う,他五,移动（他动词）,移動（他動詞）
206,動く,うごく,3,う,自五,移动（自动词）,移動（自動詞）
207,牛,うし,3,う,名,牛,牛
208,失う,うしなう,3,う,他五,失去,失去
209,後ろ,うしろ,3,う,名,后面,後面
210,薄い,うすい,3,う,形,薄的,薄的
211,嘘,うそ,3,う,名,谎言,謊言
212,歌う,うたう,3,う,他五,唱歌,唱歌
213,疑う,うたがう,3,う,他五,怀疑,懷疑
214,疑わしい,うたがわしい,3,う,形,可疑,可疑
215,家,うち,3,う,名,家,家
216,内,うち,3,う,名,内部,內部
217,打ち合わせる,うちあわせる,3,う,他下一,商议,商議
218,打つ,うつ,3,う,自他五,打（击）,打（擊）
219,うっかり,うっかり,3,う,副，サ変,不小心,不小心
220,美しい,うつくしい,3,う,形,美丽,美麗
221,移す,うつす,3,う,他五,移动,移動
222,写す,うつす,3,う,他五,拍摄、抄写,拍攝、抄寫
223,映す,うつす,3,う,他五,反映、映射,反映、映射
224,訴える,うったえる,3,う,他下一,控诉,控訴
225,移る,うつる,3,う,自五,迁移,遷移
226,写る,うつる,3,う,自五,拍摄、映出,拍攝、映出
227,映る,うつる,3,う,自五,映照、显现,映照、顯現
228,促す,うながす,3,う,他五,促进,促進
229,奪う,うばう,3,う,他五,夺取,奪取
230,馬,うま,3,う,名,马,馬
231,旨い,うまい,3,う,形,美味,美味
232,生まれる,うまれる,3,う,自下一,出生,出生
233,海,うみ,3,う,名,海洋,海洋
234,生む,うむ,3,う,他五,生产、产出,生產、產出
235,産む,うむ,3,う,他五,生育、诞生,生育、誕生
236,埋める,うめる,3,う,他下一,埋藏,埋藏
237,裏,うら,3,う,名,背面,背面
238,裏切る,うらぎる,3,う,他五,背叛,背叛
239,恨む,うらむ,3,う,他五,怨恨,怨恨
240,羨ましい,うらやましい,3,う,形,羡慕,羨慕
241,売る,うる,3,う,他五,贩卖,販賣
242,潤う,うるおう,3,う,自五,滋润,滋潤
243,煩い,うるさい,3,う,形,吵闹、烦人,吵鬧、煩人
244,五月蠅い,うるさい,3,う,形,吵闹、烦人,吵鬧、煩人
245,嬉しい,うれしい,3,う,形,开心,開心
246,うろうろ,うろうろ,3,う,副，サ変,徘徊,徘徊
247,噂,うわさ,3,う,名,传闻,傳聞
248,運転,うんてん,3,う,名，サ変,驾驶,駕駛
249,運動,うんどう,3,う,名，サ変,运动,運動
250,運命,うんめい,3,う,名,命运,命運
251,絵,え,4,え,名,画,畫
252,映画,えいが,4,え,名,电影,電影
253,影響,えいきょう,4,え,名，サ変,影响,影響
254,営業,えいぎょう,4,え,名，サ変,营业,營業
255,英語,えいご,4,え,名,英语,英語
256,描く,えがく,4,え,他五,描绘,描繪
257,駅,えき,4,え,名,车站,車站
258,閲覧,えつらん,4,え,名，サ変,阅览,閱覽
259,偉い,えらい,4,え,形,伟大,偉大
260,選ぶ,えらぶ,4,え,他五,选择,選擇
261,得る,える,4,え,他下一,获得,獲得
262,円,えん,4,え,名,圆形、日圆,圓形、日圓
263,演じる,えんじる,4,え,他上一,表演,表演
264,延長,えんちょう,4,え,名，サ変,延长,延長
265,遠慮,えんりょ,4,え,名，自サ,客气、顾虑,客氣、顧慮
266,美味しい,おいしい,5,お,形,美味,美味
267,追う,おう,5,お,他五,追赶,追趕
268,負う,おう,5,お,他五,承担,承擔
269,応援,おうえん,5,お,名，サ変,应援,應援
270,応接,おうせつ,5,お,名，サ変,接待,接待
271,応募,おうぼ,5,お,名，サ変,应征,應徵
272,応用,おうよう,5,お,名，サ変,应用,應用
273,多い,おおい,5,お,形,多,多
274,覆う,おおう,5,お,他五,覆盖,覆蓋
275,大きい,おおきい,5,お,形,大,大
276,大きな,おおきな,5,お,連体,巨大,巨大
277,大勢,おおぜい,5,お,名,人数众多,人數眾多
278,可笑しい,おかしい,5,お,形,可笑,可笑
279,侵す,おかす,5,お,他五,侵略,侵略
280,犯す,おかす,5,お,他五,犯罪,犯罪
281,冒す,おかす,5,お,他五,冒犯,冒犯
282,補う,おぎなう,5,お,他五,补充,補充
283,起きる,おきる,5,お,自上一,起床,起床
284,奥,おく,5,お,名,深处,深處
285,億,おく,5,お,名,亿,億
286,置く,おく,5,お,自他五,放置,放置
287,送る,おくる,5,お,他五,寄送,寄送
288,贈る,おくる,5,お,他五,赠送,贈送
289,遅れる,おくれる,5,お,自下一,迟到,遲到
290,起こす,おこす,5,お,他五,唤醒、引起,喚醒、引起
291,興す,おこす,5,お,他五,振兴、兴办,振興、興辦
292,行う,おこなう,5,お,他五,实行,實行
293,起る,おこる,5,お,自五,发生,發生
294,怒る,おこる,5,お,自五,生气,生氣
295,押さえる,おさえる,5,お,他下一,按压,按壓
296,抑える,おさえる,5,お,他下一,抑制,抑制
297,幼い,おさない,5,お,形,幼小,幼小
298,治まる,おさまる,5,お,自五,平息,平息
299,収まる,おさまる,5,お,自五,收纳,收納
300,納まる,おさまる,5,お,自五,缴纳,繳納
301,修まる,おさまる,5,お,自五,修养,修養
302,治める,おさめる,5,お,他下一,治理,治理
303,収める,おさめる,5,お,他下一,获得,獲得
304,納める,おさめる,5,お,他下一,支付,支付
305,修める,おさめる,5,お,他下一,学习,學習
306,惜しい,おしい,5,お,形,遗憾,遺憾
307,お爺さん,おじいさん,5,お,名,祖父,祖父
308,教える,おしえる,5,お,他下一,教导,教導
309,惜しむ,おしむ,5,お,他五,珍惜,珍惜
310,おしゃべり,おしゃべり,5,お,形動，名，サ変,聊天,聊天
311,押す,おす,5,お,他五,按压、推动,按壓、推動
312,推す,おす,5,お,他五,推荐、推举,推薦、推舉
313,捺す,おす,5,お,他五,按压、盖章,按壓、蓋章
314,お世辞,おせじ,5,お,名,客套话,客套話
315,汚染,おせん,5,お,名,污染,污染
316,遅い,おそい,5,お,形,慢,慢
317,襲う,おそう,5,お,他五,袭击,襲擊
318,恐れ入る,おそれいる,5,お,自五,折服,折服
319,恐れる,おそれる,5,お,自下一,害怕,害怕
320,恐ろしい,おそろしい,5,お,形,可怕,可怕
321,教わる,おそわる,5,お,他五,学习,學習
322,穏やか,おだやか,5,お,形動,稳定,穩定
323,陥る,おちいる,5,お,自五,陷入,陷入
324,落ち着く,おちつく,5,お,自五,冷静,冷靜
325,お茶,おちゃ,5,お,名,茶,茶
326,落ちる,おちる,5,お,自上一,掉落,掉落
327,おっしゃる,おっしゃる,5,お,他五,说,說
328,夫,おっと,5,お,名,丈夫,丈夫
329,音,おと,5,お,名,声音,聲音
330,弟,おとうと,5,お,名,弟弟,弟弟
331,男,おとこ,5,お,名,男人,男人
332,陥れる,おとしいれる,5,お,他下一,陷害,陷害
333,落とす,おとす,5,お,他五,落下,落下
334,訪れる,おとずれる,5,お,自下一,拜访,拜訪
335,一昨日,おととい,5,お,名,前天,前天
336,一昨年,おととし,5,お,名,前年,前年
337,大人,おとな,5,お,名,成年人,成年人
338,大人しい,おとなしい,5,お,形,温顺,溫順
339,踊る,おどる,5,お,自五,跳舞,跳舞
340,驚く,おどろく,5,お,自五,惊讶,驚訝
341,同じ,おなじ,5,お,連体，形動,相同,相同
342,鬼,おに,5,お,名,鬼,鬼
343,覚える,おぼえる,5,お,他下一,记住,記住
344,重い,おもい,5,お,形,沉重,沉重
345,思い出,おもいで,5,お,名,回忆,回憶
346,思う,おもう,5,お,他五,思考,思考
347,面白い,おもしろい,5,お,形,有趣,有趣
348,玩具,おもちゃ,5,お,名,玩具,玩具
349,表,おもて,5,お,名,表面,表面
350,親,おや,5,お,名,父母,父母
351,泳ぐ,およぐ,5,お,自五,游泳,游泳
352,及ぶ,およぶ,5,お,自五,涉及,涉及
353,降りる,おりる,5,お,自上一,下降,下降
354,下りる,おりる,5,お,自上一,下来,下來
355,折る,おる,5,お,他五,折断,折斷
356,降ろす,おろす,5,お,他五,放下,放下
357,下ろす,おろす,5,お,他五,取下,取下
358,終わる,おわる,5,お,自他五,结束,結束
359,音楽,おんがく,5,お,名,音乐,音樂
360,温度,おんど,5,お,名,温度,溫度
361,女,おんな,5,お,名,女性,女性
362,海外,かいがい,6,か,名,海外,海外
363,会議,かいぎ,6,か,名,会议,會議
364,会計,かいけい,6,か,名,会计,會計
365,解決,かいけつ,6,か,名，サ変,解决,解決
366,会合,かいごう,6,か,名，サ変,聚会,聚會
367,外交,がいこう,47,か,名,外交,外交
368,外向,がいこう,47,か,名,外向,外向
369,外国,がいこく,47,か,名,外国,外國
370,解散,かいさん,6,か,名，サ変,解散,解散
371,開始,かいし,6,か,名，サ変,开始,開始
372,会社,かいしゃ,6,か,名,公司,公司
373,階段,かいだん,6,か,名,楼梯,樓梯
374,解答,かいとう,6,か,名，サ変,解答,解答
375,買い物,かいもの,6,か,名,购物,購物
376,会話,かいわ,6,か,名，サ変,对话,對話
377,買う,かう,6,か,他五,购买,購買
378,返す,かえす,6,か,他五,归还,歸還
379,かえって,かえって,6,か,副,反而,反而
380,顧みる,かえりみる,6,か,他上一,回顾、反省,回顧、反省
381,省みる,かえりみる,6,か,他上一,反省、检讨,反省、檢討
382,返る,かえる,6,か,自五,返回,返回
383,帰る,かえる,6,か,自五,回家,回家
384,代える,かえる,6,か,他下一,更换,更換
385,換える,かえる,6,か,他下一,交换,交換
386,替える,かえる,6,か,他下一,替代,替代
387,変える,かえる,6,か,他下一,改变,改變
388,顔,かお,6,か,名,脸,臉
389,香る,かおる,6,か,自五,散发香气,散發香氣
390,薫る,かおる,6,か,自五,散发香气,散發香氣
391,抱える,かかえる,6,か,他下一,抱住,抱住
392,科学,かがく,6,か,名,科学,科學
393,掲げる,かかげる,6,か,他下一,举起,舉起
394,鏡,かがみ,6,か,名,镜子,鏡子
395,掛かる,かかる,6,か,自五,悬挂,懸掛
396,拘わらず,かかわらず,6,か,連,无论,無論
397,関る,かかわる,6,か,自五,关联,關聯
398,鍵,かぎ,6,か,名,钥匙,鑰匙
399,限る,かぎる,6,か,他五,限制,限制
400,書く,かく,6,か,他五,书写,書寫
401,隠す,かくす,6,か,他五,隐藏,隱藏
402,学生,がくせい,47,か,名,学生,學生
403,学費,がくひ,47,か,名,学费,學費
404,学歴,がくれき,47,か,名,学历,學歷
405,隠れる,かくれる,6,か,自下一,躲藏,躲藏
406,影,かげ,6,か,名,影子,影子
407,欠ける,かける,6,か,自下一,缺少,缺少
408,掛ける,かける,6,か,他下一,挂上,掛上
409,加減,かげん,6,か,名，サ変,调整,調整
410,過去,かこ,6,か,名,过去,過去
411,囲む,かこむ,6,か,他五,包围,包圍
412,傘,かさ,6,か,名,雨伞,雨傘
413,重ねる,かさねる,6,か,他下一,重迭,重疊
414,飾る,かざる,6,か,他五,装饰,裝飾
415,菓子,かし,6,か,名,点心,點心
416,貸す,かす,6,か,他五,借出,借出
417,数,かず,6,か,名,数量,數量
418,風,かぜ,6,か,名,风,風
419,風邪,かぜ,6,か,名,感冒,感冒
420,稼ぐ,かせぐ,6,か,自他五,赚钱,賺錢
421,数える,かぞえる,6,か,他下一,计数,計數
422,家族,かぞく,6,か,名,家庭,家庭
423,肩,かた,6,か,名,肩膀,肩膀
424,固い,かたい,6,か,形,坚固,堅固
425,硬い,かたい,6,か,形,硬,硬
426,堅い,かたい,6,か,形,严密,嚴密
427,片付ける,かたづける,6,か,他下一,整理,整理
428,固まる,かたまる,6,か,自五,凝固,凝固
429,傾く,かたむく,6,か,自五,倾斜,傾斜
430,固める,かためる,6,か,他下一,使坚固,使堅固
431,勝つ,かつ,6,か,自五,胜利,勝利
432,学科,がっか,47,か,名,学科,學科
433,がっかり,がっかり,47,か,副，サ変,失望,失望
434,担ぐ,かつぐ,6,か,他五,背负,背負
435,学校,がっこう,47,か,名,学校,學校
436,勝手,かって,6,か,名，形動,任意,任意
437,悲しい,かなしい,6,か,形,悲伤,悲傷
438,悲しむ,かなしむ,6,か,他五,感到悲伤,感到悲傷
439,必ず,かならず,6,か,副,一定,一定
440,金,かね,6,か,名,金钱,金錢
441,鞄,かばん,6,か,名,包包,包包
442,壁,かべ,6,か,名,墙壁,牆壁
443,我慢,がまん,47,か,名，サ変,忍耐,忍耐
444,神,かみ,6,か,名,神明,神明
445,紙,かみ,6,か,名,纸张,紙張
446,髪,かみ,6,か,名,头发,頭髮
447,雷,かみなり,6,か,名,雷电,雷電
448,噛む,かむ,6,か,他五,咬,咬
449,痒い,かゆい,6,か,形,发痒,發癢
450,通う,かよう,6,か,自五,通学,通學
451,辛い,からい,6,か,形,辛苦,辛苦
452,体,からだ,6,か,名,身体,身體
453,借りる,かりる,6,か,他上一,借入,借入
454,軽い,かるい,6,か,形,轻盈,輕盈
455,彼,かれ,6,か,名，代,他,他
456,枯れる,かれる,6,か,自下一,枯萎,枯萎
457,川,かわ,6,か,名,河流,河流
458,河,かわ,6,か,名,河川,河川
459,皮,かわ,6,か,名,皮肤、外皮,皮膚、外皮
460,革,かわ,6,か,名,皮革,皮革
461,側,がわ,47,か,名,旁边,旁邊
462,可愛い,かわいい,6,か,形,可爱,可愛
463,可哀相,かわいそう,6,か,形動,可怜,可憐
464,渇く,かわく,6,か,自五,口渴,口渴
465,代わる,かわる,6,か,自五,替代,替代
466,変わる,かわる,6,か,自五,变化,變化
467,缶,かん,6,か,名,罐头,罐頭
468,考える,かんがえる,6,か,他下一,思考,思考
469,感覚,かんかく,6,か,名,感觉,感覺
470,環境,かんきょう,6,か,名,环境,環境
471,関係,かんけい,6,か,名,关系,關係
472,歓迎,かんげい,6,か,名，サ変,欢迎,歡迎
473,漢字,かんじ,6,か,名,汉字,漢字
474,元日,がんじつ,47,か,名,元旦,元旦
475,感謝,かんしゃ,6,か,名，サ変,感谢,感謝
476,感情,かんじょう,6,か,名,情感,情感
477,勘定,かんじょう,6,か,名，サ変,计算,計算
478,感じる,かんじる,6,か,自他上一,感觉,感覺
479,関心,かんしん,6,か,名,关心,關心
480,感心,かんしん,6,か,名，形動，サ変,钦佩,欽佩
481,完全,かんぜん,6,か,名，形動,完整,完整
482,感想,かんそう,6,か,名,感想,感想
483,簡単,かんたん,6,か,名，形動,简单,簡單
484,感動,かんどう,6,か,名，サ変,感动,感動
485,観念,かんねん,6,か,名，サ変,观念,觀念
486,乾杯,かんぱい,6,か,名，サ変,干杯,乾杯
487,頑張る,がんばる,47,か,自五,努力,努力
488,管理,かんり,6,か,名，サ変,管理,管理
489,木,き,7,き,名,树木,樹木
490,気,き,7,き,名,气息,氣息
491,黄色,きいろ,7,き,名,黄色,黃色
492,議員,ぎいん,48,き,名,议员,議員
493,消える,きえる,7,き,自下一,消失,消失
494,記憶,きおく,7,き,名，サ変,记忆,記憶
495,機会,きかい,7,き,名,机会,機會
496,機械,きかい,7,き,名,机械,機械
497,危機,きき,7,き,名,危机,危機
498,利く,きく,7,き,自五,发挥作用,發揮作用
499,効く,きく,7,き,自五,有效,有效
500,聞く,きく,7,き,他五,询问、听见,詢問、聽見
501,聴く,きく,7,き,他五,仔细聆听,仔細聆聽
502,危険,きけん,7,き,名，形動,危险,危險
503,機嫌,きげん,7,き,名,心情,心情
504,気候,きこう,7,き,名,气候,氣候
505,聞こえる,きこえる,7,き,自下一,听见,聽見
506,記者,きしゃ,7,き,名,记者,記者
507,汽車,きしゃ,7,き,名,火车,火車
508,傷,きず,7,き,名,伤口,傷口
509,築く,きずく,7,き,他五,建造,建造
510,犠牲,ぎせい,48,き,名,牺牲,犧牲
511,季節,きせつ,7,き,名,季节,季節
512,基礎,きそ,7,き,名,基础,基礎
513,規則,きそく,7,き,名,规则,規則
514,北,きた,7,き,名,北方,北方
515,気体,きたい,7,き,名,气体,氣體
516,期待,きたい,7,き,名，サ変,期待,期待
517,汚い,きたない,7,き,形,肮脏,骯髒
518,きちんと,きちんと,7,き,副,整齐,整齊
519,きつい,きつい,7,き,形,紧,緊
520,切手,きって,7,き,名,邮票,郵票
521,きっと,きっと,7,き,副,一定,一定
522,切符,きっぷ,7,き,名,车票,車票
523,記念,きねん,7,き,名，サ変,纪念,紀念
524,昨日,きのう,7,き,名,昨天,昨天
525,機能,きのう,7,き,名，サ変,功能,功能
526,気の毒,きのどく,7,き,名，形動,可怜,可憐
527,厳しい,きびしい,7,き,形,严格,嚴格
528,希望,きぼう,7,き,名,希望,希望
529,基本,きほん,7,き,名,基本,基本
530,決まる,きまる,7,き,自五,决定,決定
531,義務,ぎむ,48,き,名,义务,義務
532,決める,きめる,7,き,他下一,决定,決定
533,気持ち,きもち,7,き,名,心情,心情
534,着物,きもの,7,き,名,和服,和服
535,客,きゃく,7,き,名,顾客,顧客
536,休憩,きゅうけい,7,き,名，サ変,休息,休息
537,休日,きゅうじつ,7,き,名,假日,假日
538,給料,きゅうりょう,7,き,名,薪水,薪水
539,今日,きょう,7,き,名,今天,今天
540,教育,きょういく,7,き,名,教育,教育
541,教科書,きょうかしょ,7,き,名,课本,課本
542,行事,ぎょうじ,48,き,名,活动,活動
543,兄弟,きょうだい,7,き,名,兄弟,兄弟
544,興味,きょうみ,7,き,名,兴趣,興趣
545,協力,きょうりょく,7,き,名，サ変,合作,合作
546,許可,きょか,7,き,名，サ変,许可,許可
547,去年,きょねん,7,き,名,去年,去年
548,嫌い,きらい,7,き,形動，名,讨厌,討厭
549,嫌う,きらう,7,き,自五,厌恶,厭惡
550,霧,きり,7,き,名,雾,霧
551,切る,きる,7,き,他五,切断,切斷
552,着る,きる,7,き,他上一,穿衣,穿衣
553,綺麗,きれい,7,き,形動,干净,乾淨
554,切れる,きれる,7,き,自下一,断裂,斷裂
555,記録,きろく,7,き,名，サ変,纪录,紀錄
556,銀行,ぎんこう,48,き,名,银行,銀行
557,禁止,きんし,7,き,名，サ変,禁止,禁止
558,禁じる,きんじる,7,き,他上一,禁止,禁止
559,具合,ぐあい,49,く,名,状况,狀況
560,食う,くう,8,く,他五,吃,吃
561,空間,くうかん,8,く,名,空间,空間
562,空気,くうき,8,く,名,空气,空氣
563,偶然,ぐうぜん,49,く,名，形動，副,偶然,偶然
564,潜る,くぐる,8,く,自五,潜水,潛水
565,草,くさ,8,く,名，接頭,草,草
566,臭い,くさい,8,く,形,气味,氣味
567,腐る,くさる,8,く,自五,腐烂,腐爛
568,愚図愚図,ぐずぐず,49,く,副,迟疑,遲疑
569,崩す,くずす,8,く,他五,打乱,打亂
570,薬,くすり,8,く,名,药,藥
571,崩れる,くずれる,8,く,自下一,崩坏,崩壞
572,癖,くせ,8,く,名,习惯,習慣
573,下さい,ください,8,く,連,请给我,請給我
574,下さる,くださる,8,く,他五,给予,給予
575,果物,くだもの,8,く,名,水果,水果
576,下る,くだる,8,く,自五,下降,下降
577,口,くち,8,く,名,嘴巴,嘴巴
578,靴,くつ,8,く,名,鞋子,鞋子
579,国,くに,8,く,名,国家,國家
580,配る,くばる,8,く,他五,分发,分發
581,首,くび,8,く,名,脖子,脖子
582,組み立てる,くみたてる,8,く,他下一,组装,組裝
583,汲む,くむ,8,く,他五,汲取,汲取
584,組む,くむ,8,く,自他五,组织,組織
585,雲,くも,8,く,名,云,雲
586,曇る,くもる,8,く,自五,阴天,陰天
587,悔しい,くやしい,8,く,形,懊悔,懊悔
588,位,くらい,8,く,副助,位置,位置
589,暗い,くらい,8,く,形,黑暗,黑暗
590,暮らす,くらす,8,く,自五,生活,生活
591,比べる,くらべる,8,く,自他下一,比较、对照,比較、對照
592,較べる,くらべる,8,く,自他下一,比较、对比,比較、對比
593,来る,くる,8,く,力変,来,來
594,苦しい,くるしい,8,く,形,痛苦,痛苦
595,苦しむ,くるしむ,8,く,自五,受苦,受苦
596,車,くるま,8,く,名,车辆,車輛
597,暮れる,くれる,8,く,自下一,天黑,天黑
598,呉れる,くれる,8,く,他下一,给予,給予
599,黒,くろ,8,く,名,黑色,黑色
600,黒い,くろい,8,く,形,黑暗,黑暗
601,苦労,くろう,8,く,名，サ変,辛劳,辛勞
602,加える,くわえる,8,く,他下一,增加,增加
603,詳しい,くわしい,8,く,形,详细,詳細
604,加わる,くわわる,8,く,自五,参加,參加
605,計画,けいかく,9,け,名，サ変,计划,計畫
606,景気,けいき,9,け,名,景气,景氣
607,経験,けいけん,9,け,名，サ変,经验,經驗
608,傾向,けいこう,9,け,名,趋势,趨勢
609,経済,けいざい,9,け,名,经济,經濟
610,警察,けいさつ,9,け,名,警察,警察
611,計算,けいさん,9,け,名，サ変,计算,計算
612,形式,けいしき,9,け,名,形式,形式
613,芸術,げいじゅつ,50,け,名,艺术,藝術
614,怪我,けが,9,け,名，サ変,受伤,受傷
615,消す,けす,9,け,他五,熄灭,熄滅
616,削る,けずる,9,け,他五,削减,削減
617,結果,けっか,9,け,名,结果,結果
618,結構,けっこう,9,け,名，形動,适当,適當
619,結婚,けっこん,9,け,名，サ変,结婚,結婚
620,決して,けっして,9,け,副,绝对,絕對
621,決心,けっしん,9,け,名，サ変,决心,決心
622,決断,けつだん,9,け,名，サ変,决断,決斷
623,決定,けってい,9,け,名，サ変,确定,確定
624,結論,けつろん,9,け,名,结论,結論
625,煙,けむり,9,け,名,烟雾,煙霧
626,蹴る,ける,9,け,他五,踢,踢
627,けれども,けれども,9,け,接続，助,但是,但是
628,険しい,けわしい,9,け,形,陡峭,陡峭
629,権威,けんい,9,け,名,权威,權威
630,原因,げんいん,50,け,名,原因,原因
631,喧嘩,けんか,9,け,名，サ変,争吵,爭吵
632,見学,けんがく,9,け,名，サ変,参观,參觀
633,玄関,げんかん,50,け,名,玄关,玄關
634,元気,げんき,50,け,名，形動,健康,健康
635,現金,げんきん,50,け,名，形動,现金,現金
636,言語,げんご,50,け,名,语言,語言
637,健康,けんこう,9,け,名，形動,健康,健康
638,検査,けんさ,9,け,名，サ変,检查,檢查
639,現在,げんざい,50,け,名,现在,現在
640,現象,げんしょう,50,け,名,现象,現象
641,建設,けんせつ,9,け,名，サ変,建设,建設
642,現代,げんだい,50,け,名,现代,現代
643,建築,けんちく,9,け,名，サ変,建筑,建築
644,権利,けんり,9,け,名,权利,權利
645,原料,げんりょう,50,け,名,原料,原料
646,鯉,こい,10,こ,名,鲤鱼,鯉魚
647,濃い,こい,10,こ,形,浓厚,濃厚
648,語彙,ごい,51,こ,名,词汇,詞彙
649,行為,こうい,10,こ,名,行为,行為
650,公園,こうえん,10,こ,名,公园,公園
651,効果,こうか,10,こ,名,效果,效果
652,合格,ごうかく,51,こ,名，サ変,合格,合格
653,交換,こうかん,10,こ,名，サ変,交换,交換
654,工業,こうぎょう,10,こ,名,工业,工業
655,工事,こうじ,10,こ,名，サ変,工程,工程
656,構造,こうぞう,10,こ,名,结构,結構
657,交通,こうつう,10,こ,名,交通,交通
658,行動,こうどう,10,こ,名，サ変,行动,行動
659,被る,こうむる,10,こ,他五,戴帽,戴帽
660,交流,こうりゅう,10,こ,名，サ変,交流,交流
661,声,こえ,10,こ,名,声音,聲音
662,越える,こえる,10,こ,自下一,跨越、超过,跨越、超過
663,超える,こえる,10,こ,自下一,超越、超过,超越、超過
664,氷,こおり,10,こ,名,冰,冰
665,凍る,こおる,10,こ,自五,结冰,結冰
666,故郷,こきょう,10,こ,名,故乡,故鄉
667,国語,こくご,10,こ,名,国语,國語
668,国際,こくさい,10,こ,名,国际,國際
669,国民,こくみん,10,こ,名,国民,國民
670,此処,ここ,10,こ,代,这里,這裡
671,午後,ごご,51,こ,名,下午,下午
672,心,こころ,10,こ,名,心,心
673,志す,こころざす,10,こ,他五,立志,立志
674,試みる,こころみる,10,こ,他上一,尝试,嘗試
675,腰,こし,10,こ,名,腰,腰
676,故障,こしょう,10,こ,名，サ変,故障,故障
677,個人,こじん,10,こ,名,个人,個人
678,越す,こす,10,こ,他五,超越,超越
679,答える,こたえる,10,こ,他下一,回答,回答
680,拘る,こだわる,10,こ,自五,执着,執著
681,ご馳走,ごちそう,51,こ,名，サ変,款待,款待
682,此方,こちら,10,こ,代,这边,這邊
683,事,こと,10,こ,名,事情,事情
684,今年,ことし,10,こ,名,今年,今年
685,異なる,ことなる,10,こ,自五,不同,不同
686,言葉,ことば,10,こ,名,词语,詞語
687,子供,こども,10,こ,名,孩子,孩子
688,断る,ことわる,10,こ,他五,拒绝,拒絕
689,粉,こな,10,こ,名,粉末,粉末
690,この,この,10,こ,連体,这个,這個
691,この頃,このごろ,10,こ,名,最近,最近
692,好む,このむ,10,こ,他五,喜好,喜好
693,拒む,こばむ,10,こ,他五,拒绝,拒絕
694,ご飯,ごはん,51,こ,名,饭,飯
695,ご無沙汰,ごぶさた,51,こ,名，サ変,久未联络,久未聯絡
696,零れる,こぼれる,10,こ,自下一,溢出,溢出
697,細かい,こまかい,10,こ,形,细小,細小
698,誤魔化す,ごまかす,51,こ,他五,欺骗,欺騙
699,困る,こまる,10,こ,自五,困扰,困擾
700,込む,こむ,10,こ,自五,拥挤,擁擠
701,米,こめ,10,こ,名,米,米
702,御免,ごめん,51,こ,名,抱歉,抱歉
703,籠（も）る,こもる,10,こ,自五,隐居,隱居
704,凝らす,こらす,10,こ,他五,集中,集中
705,凝る,こる,10,こ,自五,专注,專注
706,此れ,これ,10,こ,代，感,这个、此物,這個、此物
707,是,これ,10,こ,代，感,这个、此物,這個、此物
708,頃,ころ,10,こ,名,时期,時期
709,転がす,ころがす,10,こ,他五,滚动（他动）,滾動（他動）
710,転がる,ころがる,10,こ,自五,滚动（自动）,滾動（自動）
711,ごろごろ,ごろごろ,51,こ,副，サ変,滚来滚去,滾來滾去
712,殺す,ころす,10,こ,他五,杀害,殺害
713,転ぶ,ころぶ,10,こ,自五,摔倒,摔倒
714,怖い,こわい,10,こ,形,害怕,害怕
715,壊す,こわす,10,こ,他五,破坏（他动）,破壞（他動）
716,声高,こわだか,10,こ,形動,高声,高聲
717,強張る,こわばる,10,こ,自五,僵硬,僵硬
718,壊れる,こわれる,10,こ,自下一,破坏（自动）,破壞（自動）
719,今月,こんげつ,10,こ,名,这个月,這個月
720,今後,こんご,10,こ,名,今后,今後
721,今週,こんしゅう,10,こ,名,这周,這週
722,今度,こんど,10,こ,名,这次,這次
723,困難,こんなん,10,こ,名，形動,困难,困難
724,今日,こんにち,10,こ,名,今天,今天
725,今晩,こんばん,10,こ,名,今晚,今晚
726,混乱,こんらん,10,こ,名，サ変,混乱,混亂
727,最近,さいきん,11,さ,名,最近,最近
728,最後,さいご,11,さ,名,最后,最後
729,最高,さいこう,11,さ,名，形動,最高,最高
730,財産,ざいさん,52,さ,名,财产,財產
731,最終,さいしゅう,11,さ,名,最终,最終
732,最低,さいてい,11,さ,名,最低,最低
733,才能,さいのう,11,さ,名,才能,才能
734,財布,さいふ,11,さ,名,钱包,錢包
735,材料,ざいりょう,52,さ,名,材料,材料
736,幸い,さいわい,11,さ,名，形動，サ変,幸福,幸福
737,坂,さか,11,さ,名,坡,坡
738,探す,さがす,11,さ,他五,寻找、搜索,尋找、搜索
739,捜す,さがす,11,さ,他五,寻找、搜查,尋找、搜查
740,魚,さかな,11,さ,名,鱼,魚
741,肴,さかな,11,さ,名,下酒菜,下酒菜
742,逆らう,さからう,11,さ,自五,违抗,違抗
743,盛り,さかり,11,さ,名,繁盛,繁盛
744,下がる,さがる,11,さ,自五,下降,下降
745,先,さき,11,さ,名,之前,之前
746,作業,さぎょう,11,さ,名，サ変,作业,作業
747,咲く,さく,11,さ,自五,绽放,綻放
748,作文,さくぶん,11,さ,名,作文,作文
749,桜,さくら,11,さ,名,樱花,櫻花
750,探る,さぐる,11,さ,他五,探索,探索
751,酒,さけ,11,さ,名,酒,酒
752,叫ぶ,さけぶ,11,さ,自五,喊叫,喊叫
753,避ける,さける,11,さ,他下一,避免,避免
754,下げる,さげる,11,さ,他下一,降低,降低
755,支える,ささえる,11,さ,他下一,支撑,支撐
756,捧げる,ささげる,11,さ,他下一,奉献,奉獻
757,差し上げる,さしあげる,11,さ,他下一,赠送,贈送
758,指す,さす,11,さ,他五,指示,指示
759,差す,さす,11,さ,自他五,照射,照射
760,さすが,さすが,11,さ,副,果然,果然
761,誘う,さそう,11,さ,他五,邀请,邀請
762,雑誌,ざっし,52,さ,名,杂志,雜誌
763,砂糖,さとう,11,さ,名,砂糖,砂糖
764,寂しい,さびしい,11,さ,形,寂寞,寂寞
765,様,さま,11,さ,名，代,样子,樣子
766,妨げる,さまたげる,11,さ,他下一,妨碍,妨礙
767,寒い,さむい,11,さ,形,寒冷,寒冷
768,作用,さよう,11,さ,名，サ変,作用,作用
769,さよなら,さよなら,11,さ,感,再见,再見
770,皿,さら,11,さ,名，接尾,盘子,盤子
771,更に,さらに,11,さ,副,更加,更加
772,去る,さる,11,さ,自他五,离开,離開
773,騒ぐ,さわぐ,11,さ,自五,喧闹,喧鬧
774,触る,さわる,11,さ,自五,触摸,觸摸
775,さん,さん,11,さ,接尾,先生,先生
776,産業,さんぎょう,11,さ,名,产业,產業
777,賛成,さんせい,11,さ,名，サ変,赞成,贊成
778,残念,ざんねん,52,さ,形動,遗憾,遺憾
779,散歩,さんぽ,11,さ,名，サ変,散步,散步
780,試合,しあい,12,し,名，サ変,比赛,比賽
781,幸せ,しあわせ,12,し,形動,幸福,幸福
782,塩,しお,12,し,名,盐,鹽
783,萎れる,しおれる,12,し,自下一,枯萎,枯萎
784,然し,しかし,12,し,接続,但是、然而,但是、然而
785,併し,しかし,12,し,接続,但是、然而(较正式),但是、然而(較正式)
786,しかも,しかも,12,し,接続,而且,而且
787,時間,じかん,53,し,名,时间,時間
788,四季,しき,12,し,名,四季,四季
789,刺激,しげき,12,し,名，サ変,刺激,刺激
790,試験,しけん,12,し,名，サ変,考试,考試
791,事件,じけん,53,し,名,事件,事件
792,時刻,じこく,53,し,名,时刻,時刻
793,仕事,しごと,12,し,名,工作,工作
794,事実,じじつ,53,し,名，副,事实,事實
795,辞書,じしょ,53,し,名,词典,詞典
796,事情,じじょう,53,し,名,情况,情況
797,静か,しずか,12,し,形動,安静,安靜
798,沈む,しずむ,12,し,自五,沉没,沉沒
799,姿勢,しせい,12,し,名,姿势,姿勢
800,自然,しぜん,12,し,名，形動,自然,自然
801,下,した,12,し,名,下方,下方
802,舌,した,12,し,名,舌头,舌頭
803,時代,じだい,53,し,名,时代,時代
804,従う,したがう,12,し,自五,服从,服從
805,従って,したがって,12,し,接続,因此,因此
806,支度,したく,12,し,名，サ変,准备、打点,準備、打點
807,仕度,したく,12,し,名，サ変,准备、筹备,準備、籌備
808,親しい,したしい,12,し,形,亲密,親密
809,しっかり,しっかり,12,し,副，サ変,牢固,牢固
810,躾,しつけ,12,し,名,教养,教養
811,実験,じっけん,53,し,名，サ変,实验,實驗
812,実行,じっこう,53,し,名，サ変,实行,實行
813,実際,じっさい,53,し,名，副,实际,實際
814,じっと,じっと,53,し,副，サ変,静止,靜止
815,失敗,しっぱい,12,し,名，サ変,失败,失敗
816,失礼,しつれい,12,し,形動，サ変,失礼,失禮
817,指導,しどう,12,し,名，サ変,指导,指導
818,品物,しなもの,12,し,名,商品,商品
819,死ぬ,しぬ,12,し,自五,死亡,死亡
820,暫く,しばらく,12,し,副,暂时,暫時
821,渋い,しぶい,12,し,形,苦涩,苦澀
822,自分,じぶん,53,し,名,自己,自己
823,絞る,しぼる,12,し,他五,挤压、榨取,擠壓、榨取
824,搾る,しぼる,12,し,他五,挤压、榨取,擠壓、榨取
825,島,しま,12,し,名,岛屿,島嶼
826,仕舞う,しまう,12,し,自他五,收起,收起
827,了う,しまう,12,し,補動,关闭（自动）,關閉（自動）
828,閉まる,しまる,12,し,自五,紧闭,緊閉
829,締まる,しまる,12,し,自五,紧闭,緊閉
830,自慢,じまん,53,し,名，サ変,自豪,自豪
831,事務,じむ,53,し,名,事务,事務
832,示す,しめす,12,し,他五,显示,顯示
833,閉める,しめる,12,し,他下一,关闭（他动）,關閉（他動）
834,占める,しめる,12,し,他下一,占据,佔據
835,社会,しゃかい,12,し,名,社会,社會
836,写真,しゃしん,12,し,名,照片,照片
837,喋る,しゃべる,12,し,他五,聊天,聊天
838,邪魔,じゃま,53,し,名，サ変,妨碍,妨礙
839,週,しゅう,12,し,名,星期,星期
840,自由,じゆう,53,し,名，形動,自由,自由
841,習慣,しゅうかん,12,し,名,习惯,習慣
842,宗教,しゅうきょう,12,し,名,宗教,宗教
843,収入,しゅうにゅう,12,し,名,收入,收入
844,十分,じゅうぶん,53,し,形動，副,充分,充分
845,重要,じゅうよう,53,し,形動,重要,重要
846,授業,じゅぎょう,53,し,名，サ変,课程,課程
847,宿題,しゅくだい,12,し,名,作业,作業
848,主権,しゅけん,12,し,名,主权,主權
849,手術,しゅじゅつ,12,し,名，サ変,手术,手術
850,首相,しゅしょう,12,し,名,首相,首相
851,手段,しゅだん,12,し,名,手段,手段
852,主張,しゅちょう,12,し,名，サ変,主张,主張
853,出席,しゅっせき,12,し,名，サ変,出席,出席
854,出張,しゅっちょう,12,し,名，サ変,出差,出差
855,首都,しゅと,12,し,名,首都,首都
856,趣味,しゅみ,12,し,名,兴趣,興趣
857,種類,しゅるい,12,し,名,种类,種類
858,順序,じゅんじょ,53,し,名,顺序,順序
859,順調,じゅんちょう,53,し,名，形動,顺利,順利
860,準備,じゅんび,53,し,名，サ変,准备,準備
861,消化,しょうか,12,し,名，サ変,消化,消化
862,紹介,しょうかい,12,し,名，サ変,介绍,介紹
863,正月,しょうがつ,12,し,名,新年,新年
864,商業,しょうぎょう,12,し,名,商业,商業
865,状況,じょうきょう,53,し,名,状况,狀況
866,情況,じょうきょう,53,し,名,情况,情況
867,条件,じょうけん,53,し,名,条件,條件
868,証拠,しょうこ,12,し,名,证据,證據
869,常識,じょうしき,53,し,名,常识,常識
870,上手,じょうず,53,し,名，形動,擅长,擅長
871,状態,じょうたい,53,し,名,状态,狀態
872,上達,じょうたつ,53,し,名，形動,进步,進步
873,冗談,じょうだん,53,し,名,玩笑,玩笑
874,承知,しょうち,12,し,名，サ変,知晓,知曉
875,象徴,しょうちょう,12,し,名，サ変,象征,象徵
876,商売,しょうばい,12,し,名,生意,生意
877,消費,しょうひ,12,し,名，サ変,消费,消費
878,丈夫,じょうぶ,53,し,形動,结实,結實
879,情報,じょうほう,53,し,名,信息,資訊
880,証明,しょうめい,12,し,名，サ変,证明,證明
881,正面,しょうめん,12,し,名,正面,正面
882,将来,しょうらい,12,し,名,未来,未來
883,初級,しょきゅう,12,し,名,初级,初級
884,食事,しょくじ,12,し,名，サ変,用餐,用餐
885,食品,しょくひん,12,し,名,食品,食品
886,植物,しょくぶつ,12,し,名,植物,植物
887,食料,しょくりょう,12,し,名,食物,食物
888,女性,じょせい,53,し,名,女性,女性
889,処置,しょち,12,し,名，サ変,处理,處理
890,食器,しょっき,12,し,名,餐具,餐具
891,知らせる,しらせる,12,し,他下一,通知,通知
892,調べる,しらべる,12,し,他下一,调查,調查
893,尻,しり,12,し,名,屁股,屁股
894,じりじり,じりじり,53,し,副,焦急,焦急
895,退く,しりぞく,12,し,自五,后退,後退
896,私立,しりつ,12,し,名,私立,私立
897,資料,しりょう,12,し,名,资料,資料
898,汁,しる,12,し,名,汤汁,湯汁
899,知る,しる,12,し,他五,知道,知道
900,印,しるし,12,し,名,标志,標誌
901,記す,しるす,12,し,他五,记录,記錄
902,白,しろ,12,し,名,白色,白色
903,白い,しろい,12,し,形,白的,白的
904,人格,じんかく,53,し,名,人格,人格
905,進行,しんこう,12,し,名，サ変,进行,進行
906,人口,じんこう,53,し,名,人口,人口
907,信じる,しんじる,12,し,他上一,相信,相信
908,心身,しんしん,12,し,名,身心,身心
909,人生,じんせい,53,し,名,人生,人生
910,親切,しんせつ,12,し,名，形動,亲切,親切
911,新鮮,しんせん,12,し,形動,新鲜,新鮮
912,心配,しんぱい,12,し,名，サ変,担心,擔心
913,人物,じんぶつ,53,し,名,人物,人物
914,新聞,しんぶん,12,し,名,报纸,報紙
915,進歩,しんぽ,12,し,名，サ変,进步,進步
916,信用,しんよう,12,し,名，サ変,信用,信用
917,心理,しんり,12,し,名,心理,心理
918,酢,す,13,す,名,醋,醋
919,随分,ずいぶん,54,す,副，サ変,相当,相當
920,吸う,すう,13,す,他五,吸入,吸入
921,数学,すうがく,13,す,名,数学,數學
922,末,すえ,13,す,名,末尾,末尾
923,据える,すえる,13,す,他下一,安置,安置
924,姿,すがた,13,す,名,姿态,姿態
925,好き,すき,13,す,形動,喜欢,喜歡
926,過ぎる,すぎる,13,す,自上一,超过,超過
927,空く,すく,13,す,自五,空闲,空閒
928,透く,すく,13,す,自五,透明,透明
929,直ぐ,すぐ,13,す,副,立刻,立刻
930,救う,すくう,13,す,他五,拯救,拯救
931,少ない,すくない,13,す,形,稀少,稀少
932,優れる,すぐれる,13,す,自下一,优秀,優秀
933,凄い,すごい,13,す,形,厉害,厲害
934,少し,すこし,13,す,副,一点,一點
935,過ごす,すごす,13,す,他五,度过,度過
936,涼しい,すずしい,13,す,形,凉爽,涼爽
937,進む,すすむ,13,す,自五,前进,前進
938,雀,すずめ,13,す,名,麻雀,麻雀
939,進める,すすめる,13,す,他下一,推进,推進
940,勧める,すすめる,13,す,他下一,推荐,推薦
941,薦める,すすめる,13,す,他下一,引荐,引薦
942,廃れる,すたれる,13,す,自下一,过时,過時
943,すっかり,すっかり,13,す,副,完全,完全
944,すっきり,すっきり,13,す,副,清爽,清爽
945,ずっと,ずっと,54,す,副,一直,一直
946,酸っぱい,すっぱい,13,す,形,酸的,酸的
947,既に,すでに,13,す,副,已经,已經
948,捨てる,すてる,13,す,他下一,丢弃,丟棄
949,砂,すな,13,す,名,沙子,沙子
950,素直,すなお,13,す,形動,坦率,坦率
951,即ち,すなわち,13,す,接続,即是,即是
952,素晴らしい,すばらしい,13,す,形,美好,美好
953,全て,すべて,13,す,副,全部,全部
954,滑る,すべる,13,す,自五,滑动,滑動
955,住まう,すまう,13,す,自五,居住,居住
956,済ます,すます,13,す,他五,结束（他动）,結束（他動）
957,隅,すみ,13,す,名,角落,角落
958,住む,すむ,13,す,自五,居住,居住
959,済む,すむ,13,す,自五,结束（自动）,結束（自動）
960,澄む,すむ,13,す,自五,清澈,清澈
961,相撲,すもう,13,す,名,相扑,相撲
962,する,する,13,す,サ変,做,做
963,狡い,ずるい,54,す,形,狡猾,狡猾
964,鋭い,するどい,13,す,形,锐利,銳利
965,座る,すわる,13,す,自五,坐下,坐下
966,坐る,すわる,13,す,自五,坐下,坐下
967,背,せ,14,せ,名,背部,背部
968,所為,せい,14,せ,名,行为,行為
969,性格,せいかく,14,せ,名,性格,性格
970,正確,せいかく,14,せ,形動,正确,正確
971,生活,せいかつ,14,せ,名，サ変,生活,生活
972,制限,せいげん,14,せ,名，サ変,限制,限制
973,成功,せいこう,14,せ,名，サ変,成功,成功
974,生産,せいさん,14,せ,名，サ変,生产,生產
975,政治,せいじ,14,せ,名,政治,政治
976,性質,せいしつ,14,せ,名,性质,性質
977,青春,せいしゅん,14,せ,名,青春,青春
978,精神,せいしん,14,せ,名,精神,精神
979,成績,せいせき,14,せ,名,成绩,成績
980,生徒,せいと,14,せ,名,学生,學生
981,制度,せいど,14,せ,名,制度,制度
982,政府,せいふ,14,せ,名,政府,政府
983,生命,せいめい,14,せ,名,生命,生命
984,整理,せいり,14,せ,名，サ変,整理,整理
985,成立,せいりつ,14,せ,名，サ変,成立,成立
986,世界,せかい,14,せ,名,世界,世界
987,責任,せきにん,14,せ,名,责任,責任
988,世間,せけん,14,せ,名,世间,世間
989,折角,せっかく　,14,せ,副,特意,特意
990,絶対,ぜったい,55,せ,名，副,绝对,絕對
991,説明,せつめい,14,せ,名，サ変,说明,說明
992,是非,ぜひ,55,せ,名，副,务必,務必
993,狭い,せまい,14,せ,形,狭窄,狹窄
994,迫る,せまる,14,せ,自五,逼近,逼近
995,せめて,せめて,14,せ,副,至少,至少
996,攻める,せめる,14,せ,他下一,攻击,攻擊
997,責める,せめる,14,せ,他下一,责备,責備
998,世話,せわ,14,せ,名，サ変,照顾,照顧
999,線,せん,14,せ,名,线,線
1000,選挙,せんきょ,14,せ,名，サ変,选举,選舉
1001,先月,せんげつ,14,せ,名,上个月,上個月
1002,先生,せんせい,14,せ,名,老师,老師
1003,全然,ぜんぜん,55,せ,副,完全不,完全不
1004,戦争,せんそう,14,せ,名,战争,戰爭
1005,洗濯,せんたく,14,せ,名，サ変,洗衣,洗衣
1006,宣伝,せんでん,14,せ,名，サ変,宣传,宣傳
1007,先輩,せんぱい,14,せ,名,前辈,前輩
1008,全部,ぜんぶ,55,せ,名,全部,全部
1009,添う,そう,15,そ,自五,符合,符合
1010,沿う,そう,15,そ,自五,沿着,沿著
1011,増加,ぞうか,56,そ,名，サ変,增加,增加
1012,相互,そうご,15,そ,名，形動,相互,相互
1013,総合,そうごう,15,そ,名，サ変,综合,綜合
1014,想像,そうぞう,15,そ,名，サ変,想象,想像
1015,相談,そうだん,15,そ,名，サ変,商量,商量
1016,相当,そうとう,15,そ,名，サ変，行動，副,相当,相當
1017,底,そこ　,15,そ,名,底部,底部
1018,其処,そこ　,15,そ,代,那里,那裡
1019,そこで,そこで,15,そ,接続,于是,於是
1020,損なう,そこなう,15,そ,他五,损害,損害
1021,組織,そしき,15,そ,名，サ変,组织,組織
1022,そして,そして,15,そ,接続,然后,然後
1023,注ぐ,そそぐ,15,そ,自他五,注入,注入
1024,育てる,そだてる,15,そ,他五,培育,培育
1025,そちら,そちら,15,そ,代,那边,那邊
1026,卒業,そつぎょう,15,そ,名，サ変,毕业,畢業
1027,外,そと,15,そ,名,外面,外面
1028,備える,そなえる,15,そ,自下一,准备,準備
1029,其の,その,15,そ,連体,那个,那個
1030,そのまま,そのまま,15,そ,副,原样,原樣
1031,側,そば,15,そ,名,旁边,旁邊
1032,聳える,そびえる,15,そ,自下一,矗立,矗立
1033,祖父,そふ,15,そ,名,祖父,祖父
1034,祖母,そぼ,15,そ,名,祖母,祖母
1035,背く,そむく,15,そ,自五,违背,違背
1036,空,そら,15,そ,名,天空,天空
1037,それ,それ,15,そ,代,那个,那個
1038,それだけ,それだけ,15,そ,副,仅此,僅此
1039,それで,それで,15,そ,接続,因此,因此
1040,揃う,そろう,15,そ,自五,齐全,齊全
1041,揃える,そろえる,15,そ,他下一,整理,整理
1042,そろそろ,そろそろ,15,そ,副,差不多,差不多
1043,存在,そんざい,15,そ,名，サ変,存在,存在
1044,体育,たいいく,16,た,名,体育,體育
1045,第一,だいいち,57,た,名,第一,第一
1046,大学,だいがく,57,た,名,大学,大學
1047,大事,だいじ,57,た,名，形動,重要,重要
1048,大した,たいした,16,た,連体,了不起,了不起
1049,対象,たいしょう,16,た,名,对象,對象
1050,大丈夫,だいじょうぶ,57,た,形動,没问题,沒問題
1051,対する,たいする,16,た,サ変,对于,對於
1052,大切,たいせつ,16,た,形動,珍贵,珍貴
1053,体操,たいそう,16,た,名,体操,體操
1054,大体,だいたい,57,た,名，副,大约,大約
1055,大抵,たいてい,16,た,副,大概,大概
1056,態度,たいど,16,た,名,态度,態度
1057,代表,だいひょう,57,た,名，サ変,代表,代表
1058,大分,だいぶ,57,た,副,相当,相當
1059,大変,たいへん,16,た,形動,辛苦,辛苦
1060,太陽,たいよう,16,た,名,太阳,太陽
1061,平ら,たいら,16,た,形動,平坦,平坦
1062,絶える,たえる,16,た,自下一,终止,終止
1063,耐える,たえる,16,た,自下一,忍耐,忍耐
1064,倒す,たおす,16,た,他五,推倒,推倒
1065,倒れる,たおれる,16,た,自下一,倒下,倒下
1066,高い,たかい,16,た,形,高的,高的
1067,互いに,たがいに,16,た,副,互相,互相
1068,高まる,たかまる,16,た,自五,提高（自动）,提高（自動）
1069,高める,たかめる,16,た,他下一,提高（他动）,提高（他動）
1070,耕す,たがやす,16,た,他五,耕作,耕作
1071,宝,たから,16,た,名,宝藏,寶藏
1072,炊く,たく,16,た,他五,煮饭,煮飯
1073,焚く,たく,16,た,他五,燃烧,燃燒
1074,抱く,だく,57,た,他五,怀抱,懷抱
1075,沢山,たくさん,16,た,副,很多,很多
1076,逞しい,たくましい,16,た,形,健壮,健壯
1077,巧み,たくみ,16,た,形動,巧妙,巧妙
1078,企む,たくらむ,16,た,他五,策划,策劃
1079,蓄える,たくわえる,16,た,他下一,储备,儲備
1080,竹,たけ,16,た,名,竹子,竹子
1081,確か,たしか,16,た,副，形動,确实,確實
1082,確かめる,たしかめる,16,た,他下一,确认,確認
1083,出し抜く,だしぬく,57,た,他五,胜过,勝過
1084,助かる,たすかる,16,た,自五,获救,獲救
1085,助ける,たすける,16,た,他下一,帮助,幫助
1086,尋ねる,たずねる,16,た,他下一,询问,詢問
1087,訪ねる,たずねる,16,た,他下一,拜访,拜訪
1088,ただ,ただ,16,た,名,平常的,平常的
1089,ただ,ただ,16,た,副，接続,仅仅,僅僅
1090,唯今,ただいま,16,た,副，感,现在,現在
1091,戦う,たたかう,16,た,自五,战争、对抗,戰爭、對抗
1092,闘う,たたかう,16,た,自五,奋战、斗争,奮戰、鬥爭
1093,叩く,たたく,16,た,他五,敲打,敲打
1094,正しい,ただしい,16,た,形,正确,正確
1095,畳,たたみ,16,た,名,榻榻米,榻榻米
1096,畳む,たたむ,16,た,他五,折迭,折疊
1097,漂う,ただよう,16,た,自五,飘荡,飄蕩
1098,立つ,たつ,16,た,自五,站立,站立
1099,絶つ,たつ,16,た,他五,断绝,斷絕
1100,断つ,たつ,16,た,他五,切断,切斷
1101,達する,たっする,16,た,サ変,到达,到達
1102,縦,たて,16,た,名,纵向,縱向
1103,立てる,たてる,16,た,他下一,建立,建立
1104,例えば,たとえば,16,た,副,例如,例如
1105,例える,たとえる,16,た,他下一,比喻、举例,比喻、舉例
1106,喩える,たとえる,16,た,他下一,比喻、举例,比喻、舉例
1107,辿る,たどる,16,た,他五,沿着,沿著
1108,棚,たな,16,た,名,架子,架子
1109,谷,たに,16,た,名,山谷,山谷
1110,種,たね,16,た,名,种类,種類
1111,楽しい,たのしい,16,た,形,快乐,快樂
1112,楽しむ,たのしむ,16,た,自他五,享受,享受
1113,頼む,たのむ,16,た,他五,请求,請求
1114,旅,たび,16,た,名,旅行,旅行
1115,度,たび,16,た,名,次数,次數
1116,度度,たびたび,16,た,副,经常,經常
1117,だぶだぶ,だぶだぶ,57,た,副，サ変,宽松,寬鬆
1118,多分,たぶん,16,た,副,大概,大概
1119,食べる,たべる,16,た,他下一,吃,吃
1120,玉,たま,16,た,名,球,球
1121,卵,たまご,16,た,名,鸡蛋,雞蛋
1122,騙す,だます,57,た,他五,欺骗,欺騙
1123,たまに,たまに,16,た,副,偶尔,偶爾
1124,溜まる,たまる,16,た,自五,积累,積累
1125,貯まる,たまる,16,た,自五,存款,存款
1126,黙る,だまる,57,た,自五,沉默,沉默
1127,為,ため,16,た,名,因为,因為
1128,駄目,だめ,57,た,形動,不行,不行
1129,試す,ためす,16,た,他五,尝试,嘗試
1130,保つ,たもつ,16,た,他五,保持,保持
1131,便り,たより,16,た,名,消息,消息
1132,頼る,たよる,16,た,他五,依赖,依賴
1133,だらしない,だらしない,57,た,形,邋遢,邋遢
1134,垂らす,たらす,16,た,他五,滴落,滴落
1135,足りる,たりる,16,た,自上一,足够,足夠
1136,怠い,だるい,57,た,形,疲倦,疲倦
1137,弛む,たるむ,16,た,自五,松弛,鬆弛
1138,誰,だれ,57,た,代,谁,誰
1139,単位,たんい,16,た,名,单位,單位
1140,単語,たんご,16,た,名,单词,單詞
1141,誕生,たんじょう,16,た,名，サ変,诞生,誕生
1142,男性,だんせい,57,た,名,男性,男性
1143,段段,だんだん,57,た,副,逐渐,逐漸
1144,血,ち,17,ち,名,血液,血液
1145,小さい,ちいさい,17,ち,形,小,小
1146,小さな,ちいさな,17,ち,連体,微小,微小
1147,知恵,ちえ,17,ち,名,智慧,智慧
1148,地下,ちか,17,ち,名,地下,地下
1149,近い,ちかい,17,ち,形,接近,接近
1150,誓う,ちかう,17,ち,他五,发誓,發誓
1151,違う,ちがう,17,ち,自五,不同,不同
1152,近頃,ちかごろ,17,ち,名,近来,近來
1153,力,ちから,17,ち,名,力量,力量
1154,遅刻,ちこく,17,ち,名，サ変,迟到,遲到
1155,知識,ちしき,17,ち,名,知识,知識
1156,地図,ちず,17,ち,名,地图,地圖
1157,父,ちち,17,ち,名,父亲,父親
1158,地方,ちほう,17,ち,名,地区,地區
1159,注意,ちゅうい,17,ち,名，サ変,注意,注意
1160,中央,ちゅうおう,17,ち,名,中央,中央
1161,中学校,ちゅうがっこう,17,ち,名,中学,中學
1162,抽象,ちゅうしょう,17,ち,名,抽象,抽象
1163,中心,ちゅうしん,17,ち,名,核心,核心
1164,注目,ちゅうもく,17,ち,名，サ変,关注,關注
1165,注文,ちゅうもん,17,ち,名，サ変,订单,訂單
1166,調査,ちょうさ,17,ち,名，サ変,调查,調查
1167,調子,ちょうし,17,ち,名,状态,狀態
1168,ちょうど,ちょうど,17,ち,副,正好,正好
1169,直接,ちょくせつ,17,ち,名，副,直接,直接
1170,ちょっと,ちょっと,17,ち,副,稍微,稍微
1171,地理,ちり,17,ち,名,地理,地理
1172,散る,ちる,17,ち,自五,散落,散落
1173,つい,つい,18,つ,副,刚刚,剛剛
1174,追加,ついか,18,つ,名，サ変,追加,追加
1175,追求,ついきゅう,18,つ,名，サ変,追求,追求
1176,一日,ついたち,18,つ,名,一天,一天
1177,就いて,ついて,18,つ,接,关于,關於
1178,序に,ついでに,18,つ,副,顺便,順便
1179,遂に,ついに,18,つ,副,最终,最終
1180,費やす,ついやす,18,つ,他五,耗费,耗費
1181,通学,つうがく,18,つ,名，サ変,上学,上學
1182,通勤,つうきん,18,つ,名，サ変,通勤,通勤
1183,通じる,つうじる,18,つ,自他上一,理解,理解
1184,使う,つかう,18,つ,他五,使用,使用
1185,掴む,つかむ,18,つ,他五,抓住,抓住
1186,疲れる,つかれる,18,つ,自下一,疲惫,疲憊
1187,月,つき,18,つ,名,月份,月份
1188,次,つぎ,18,つ,名,下一个,下一個
1189,尽きる,つきる,18,つ,自上一,用尽,用盡
1190,付く,つく,18,つ,他五,附着,附著
1191,就く,つく,18,つ,自五,就职,就職
1192,着く,つく,18,つ,自五,到达,到達
1193,突く,つく,18,つ,他五,戳、刺,戳、刺
1194,衝く,つく,18,つ,他五,猛击、撞击,猛擊、撞擊
1195,継ぐ,つぐ,18,つ,自五,继承,繼承
1196,机,つくえ,18,つ,名,书桌,書桌
1197,尽くす,つくす,18,つ,他五,竭尽,竭盡
1198,作る,つくる,18,つ,他五,制作,製作
1199,造る,つくる,18,つ,他五,建造,建造
1200,繕う,つくろう,18,つ,他五,修补,修補
1201,付ける,つける,18,つ,他下一,安装,安裝
1202,就ける,つける,18,つ,他下一,任命,任命
1203,着ける,つける,18,つ,他下一,穿戴,穿戴
1204,告げる,つげる,18,つ,他下一,通知,通知
1205,都合,つごう,18,つ,名，サ変,情况,情況
1206,伝える,つたえる,18,つ,他下一,传达,傳達
1207,伝わる,つたわる,18,つ,自五,传播,傳播
1208,土,つち,18,つ,名,土地,土地
1209,続く,つづく,18,つ,自五,持续,持續
1210,続ける,つづける,18,つ,他下一,继续,繼續
1211,包む,つつむ,18,つ,他五,包裹,包裹
1212,勤める,つとめる,18,つ,他下一,任职,任職
1213,努める,つとめる,18,つ,自下一,努力,努力
1214,繋がる,つながる,18,つ,他五,连结,連結
1215,常,つね,18,つ,名,平常,平常
1216,常に,つねに,18,つ,副,总是,總是
1217,募る,つのる,18,つ,自他五,招募,招募
1218,翼,つばさ,18,つ,名,翅膀,翅膀
1219,潰す,つぶす,18,つ,他五,压碎,壓碎
1220,潰れる,つぶれる,18,つ,自下一,破裂,破裂
1221,妻,つま,18,つ,名,妻子,妻子
1222,躓く,つまずく,18,つ,自五,绊倒,絆倒
1223,撮む,つまむ,18,つ,他五,抓取、夹取,抓取、夾取
1224,抓む,つまむ,18,つ,他五,捏、摘取,捏、摘取
1225,摘まむ,つまむ,18,つ,他五,溶解、融化,溶解、融化
1226,つまらない,つまらない,18,つ,形,无聊,無聊
1227,つまり,つまり,18,つ,副,也就是说,也就是說
1228,詰まる,つまる,18,つ,自五,堵塞,堵塞
1229,罪,つみ,18,つ,名,罪行,罪行
1230,積む,つむ,18,つ,他五,堆积,堆積
1231,摘む,つむ,18,つ,他五,摘取,摘取
1232,爪,つめ,18,つ,名,指甲,指甲
1233,冷たい,つめたい,18,つ,形,冰冷,冰冷
1234,詰める,つめる,18,つ,自他下一,填充,填充
1235,積もり,つもり,18,つ,名,计划,計畫
1236,積もる,つもる,18,つ,自五,堆积,堆積
1237,強い,つよい,18,つ,形,强壮,強壯
1238,辛い,つらい,18,つ,形,辛苦,辛苦
1239,吊る,つる,18,つ,自他五,悬挂,懸掛
1240,釣る,つる,18,つ,他五,钓鱼,釣魚
1241,吊るす,つるす,18,つ,他五,吊挂,吊掛
1242,連れる,つれる,18,つ,他下一,带领,帶領
1243,手,て,19,て,名,手,手
1244,出会う,であう,60,て,自五,相遇,相遇
1245,手足,てあし,19,て,名,手脚,手腳
1246,抵抗,ていこう,19,て,名，サ変,抵抗,抵抗
1247,程度,ていど,19,て,名,程度,程度
1248,丁寧,ていねい,19,て,形動,礼貌,禮貌
1249,出掛ける,でかける,60,て,自下一,出门,出門
1250,敵,てき,19,て,名,敌人,敵人
1251,適当,てきとう,19,て,形動,适当,適當
1252,出来る,できる,60,て,自上一,能够,能夠
1253,出口,でぐち,60,て,名,出口,出口
1254,手頃,てごろ,19,て,形動,合适,合適
1255,手数,てすう,19,て,名,麻烦,麻煩
1256,手伝う,てつだう,19,て,自他五,帮忙,幫忙
1257,手続,てつづき,19,て,名,手续,手續
1258,手間,てま,19,て,名,时间成本,時間成本
1259,出迎える,でむかえる,60,て,他下一,迎接,迎接
1260,でも,でも,60,て,接続,但是,但是
1261,寺,てら,19,て,名,寺庙,寺廟
1262,照らす,てらす,19,て,他五,照射,照射
1263,照る,てる,19,て,自五,照耀,照耀
1264,出る,でる,60,て,自下一,出去,出去
1265,店員,てんいん,19,て,名,店员,店員
1266,天気,てんき,19,て,名,天气,天氣
1267,伝統,でんとう,60,て,名,传统,傳統
1268,天麩羅,てんぷら,19,て,名,天妇罗,天婦羅
1269,電話,でんわ,60,て,名，サ変,电话,電話
1270,問う,とう,20,と,他五,询问,詢問
1271,どう,どう,61,と,副,怎么,怎麼
1272,答案,とうあん,20,と,名,答案,答案
1273,どうか,どうか,61,と,副,请求,請求
1274,峠,とうげ,20,と,名,山岭,山嶺
1275,どうして,どうして,61,と,副，感,为何,為何
1276,如何しても,どうしても,61,と,副,无论如何,無論如何
1277,どうせ,どうせ,61,と,副,反正,反正
1278,どうぞ,どうぞ,61,と,副,请,請
1279,動物,どうぶつ,61,と,名,动物,動物
1280,当分,とうぶん,20,と,副,暂时,暫時
1281,どうも,どうも,61,と,副,感谢,感謝
1282,遠い,とおい,20,と,形,遥远,遙遠
1283,通す,とおす,20,と,他五,通过,通過
1284,通り,とおり,20,と,名,街道,街道
1285,溶かす,とかす,20,と,他五,融化、溶解,融化、溶解
1286,融かす,とかす,20,と,他五,解开、解除,解開、解除
1287,解かす,とかす,20,と,他五,溶解、融化,溶解、融化
1288,尖る,とがる,20,と,自五,尖锐,尖銳
1289,時,とき,20,と,名,时间,時間
1290,時時,ときどき,20,と,副，名,有时,有時
1291,解く,とく,20,と,他五,解答,解答
1292,説く,とく,20,と,他五,说明,說明
1293,溶く,とく,20,と,他五,搅拌,攪拌
1294,得,とく,20,と,名，形動,获得,獲得
1295,特に,とくに,20,と,副,特别,特別
1296,特別,とくべつ,20,と,副，形動,特别,特別
1297,時計,とけい,20,と,名,时钟,時鐘
1298,解ける,とける,20,と,自下一,解开,解開
1299,溶ける,とける,20,と,自下一,融化、溶解,融化、溶解
1300,融ける,とける,20,と,自下一,场所、地方,場所、地方
1301,遂げる,とげる,20,と,他下一,完成,完成
1302,何処,どこ,61,と,代,哪里,哪裡
1303,所,ところ,20,と,名,处所、场合,處所、場合
1304,処,ところ,20,と,名,没有、无,沒有、無
1305,ところが,ところが,20,と,接続,然而,然而
1306,都市,とし,20,と,名,城市,城市
1307,年,とし,20,と,名,年份,年份
1308,図書,としょ,20,と,名,图书,圖書
1309,年寄り,としより,20,と,名,老人,老人
1310,閉じる,とじる,20,と,自他上一,关闭,關閉
1311,土地,とち,20,と,名,土地,土地
1312,とちら,とちら,20,と,代,哪里,哪裡
1313,突然,とつぜん,20,と,副,突然,突然
1314,とても,とても,20,と,副,非常,非常
1315,届く,とどく,20,と,自五,到达,到達
1316,届ける,とどける,20,と,他下一,递送,遞送
1317,整える,ととのえる,20,と,他下一,整理,整理
1318,止まる,とどまる,20,と,自五,停止,停止
1319,留まる,とどまる,20,と,自五,停留,停留
1320,止める,とどめる,20,と,他下一,阻止,阻止
1321,留める,とどめる,20,と,他下一,固定,固定
1322,唱える,となえる,20,と,他下一,宣称,宣稱
1323,どなに,どなに,61,と,代,如何,如何
1324,隣,となり,20,と,名,邻居,鄰居
1325,怒鳴る,どなる,61,と,自五,大声斥责,大聲斥責
1326,兎に角,とにかく,20,と,副,总之,總之
1327,どの,どの,61,と,連体,哪个,哪個
1328,飛ばす,とばす,20,と,他五,抛出,拋出
1329,跳ぶ,とぶ,20,と,自五,跳跃,跳躍
1330,飛ぶ,とぶ,20,と,自五,飞翔,飛翔
1331,乏しい,とぼしい,20,と,形,贫乏,貧乏
1332,止まる,とまる,20,と,自五,停止,停止
1333,留まる,とまる,20,と,自五,停留,停留
1334,泊まる,とまる,20,と,自五,住宿,住宿
1335,富む,とむ,20,と,自五,富有,富有
1336,止める,とめる,20,と,他下一,停止,停止
1337,留める,とめる,20,と,他下一,固定,固定
1338,友達,ともだち,20,と,名,朋友,朋友
1339,伴う,ともなう,20,と,他五,伴随,伴隨
1340,共に,ともに,20,と,副,一起,一起
1341,捉える,とらえる,20,と,他下一,捕捉,捕捉
1342,取り上げる,とりあげる,20,と,他下一,拿起,拿起
1343,取り扱う,とりあつかう,20,と,他五,处理,處理
1344,取り組む,とりくむ,20,と,自五,参与,參與
1345,取り込む,とりこむ,20,と,自他五,收纳,收納
1346,採る,とる,20,と,他五,采集,採集
1347,執る,とる,20,と,他五,处理,處理
1348,取る,とる,20,と,他五,取得,取得
1349,捕る,とる,20,と,他五,捕捉,捕捉
1350,何れ,どれ,61,と,代,哪个,哪個
1351,奴隷,どれい,61,と,名,奴隶,奴隸
1352,とんでもない,とんでもない,20,と,形,荒谬,荒謬
1353,どんどん,どんどん,61,と,副,不断,不斷
1354,名,な,21,な,名,名字,名字
1355,ない,ない,21,な,補助動词,不存在,不存在
1356,無い,ない,21,な,形,去世,去世
1357,亡い,ない,21,な,形,亡,亡
1358,内外,ないがい,21,な,名,内外,內外
1359,内向,ないこう,21,な,名,内向,內向
1360,内緒,ないしょ,21,な,名,秘密,秘密
1361,内容,ないよう,21,な,名,内容,內容
1362,尚,なお,21,な,副,更加、依然,更加、依然
1363,猶,なお,21,な,副,依然、仍然,依然、仍然
1364,治す,なおす,21,な,他五,治疗、修复,治療、修復
1365,直す,なおす,21,な,他五,修理、矫正,修理、矯正
1366,中,なか,21,な,名,里面,裡面
1367,長い,ながい,21,な,形,长久、长远,長久、長遠
1368,永い,ながい,21,な,形,长久、长远,長久、長遠
1369,流す,ながす,21,な,他五,流动,流動
1370,中中,なかなか,21,な,副，形動,相当,相當
1371,眺める,ながめる,21,な,他下一,眺望,眺望
1372,流れる,ながれる,21,な,自下一,流动,流動
1373,泣く,なく,21,な,自五,哭泣,哭泣
1374,鳴く,なく,21,な,自五,鸣叫,鳴叫
1375,無くす,なくす,21,な,他五,遗失,遺失
1376,無くなる,なくなる,21,な,自五,消失,消失
1377,亡くなる,なくなる,21,な,自五,去世,去世
1378,殴る,なぐる,21,な,他五,殴打,毆打
1379,嘆く,なげく,21,な,他五,叹息,嘆息
1380,投げる,なげる,21,な,他下一,投掷,投擲
1381,為さる,なさる,21,な,他五,做,做
1382,何故,なぜ,21,な,副,为何,為何
1383,夏,なつ,21,な,名,夏天,夏天
1384,懐かしい,なつかしい,21,な,形,怀念,懷念
1385,何,なに,21,な,代，副，感,什么,什麼
1386,何より,なにより,21,な,連語,比起,比起
1387,鍋,なべ,21,な,名,火锅,火鍋
1388,名前,なまえ,21,な,名,名字,名字
1389,怠ける,なまける,21,な,自下一,懒惰,懶惰
1390,並,なみ,21,な,名，接尾,排列,排列
1391,波,なみ,21,な,名,波浪,波浪
1392,浪,なみ,21,な,名,波涛,波濤
1393,涙,なみだ,21,な,名,眼泪,眼淚
1394,滑らか,なめらか,21,な,形動,光滑,光滑
1395,悩む,なやむ,21,な,自五,烦恼,煩惱
1396,習う,ならう,21,な,他五,学习,學習
1397,倣う,ならう,21,な,他五,模仿,模仿
1398,鳴らす,ならす,21,な,他五,敲响,敲響
1399,並ぶ,ならぶ,21,な,自五,排队,排隊
1400,並べる,ならべる,21,な,他下一,排列,排列
1401,鳴る,なる,21,な,自五,响起,響起
1402,成る,なる,21,な,自五,变成、成为,變成、成為
1403,生る,なる,21,な,自五,结果、结成,結果、結成
1404,なるべく,なるべく,21,な,副,尽量,盡量
1405,慣れる,なれる,21,な,自下一,习惯,習慣
1406,馴れる,なれる,21,な,自下一,熟悉,熟悉
1407,何でも,なんでも,21,な,連語，副,无论什么,無論什麼
1408,何となく,なんとなく,21,な,副,不知不觉,不知不覺
1409,似合う,にあう,22,に,自五,适合,適合
1410,匂い,におい,22,に,名,气味、香味,氣味、香味
1411,臭い,におい,22,に,名,气味、臭味,氣味、臭味
1412,匂う,におう,22,に,自五,散发气味,散發氣味
1413,臭う,におう,22,に,自五,发臭、散发异味,發臭、散發異味
1414,苦い,にがい,22,に,形,苦,苦
1415,苦手,にがて,22,に,名，形動,不擅长,不擅長
1416,賑やか,にぎやか,22,に,形動,热闹,熱鬧
1417,握る,にぎる,22,に,他五,握住,握住
1418,肉,にく,22,に,名,肉,肉
1419,憎い,にくい,22,に,形,憎恨、讨厌,憎恨、討厭
1420,悪い,にくい,22,に,形,坏、不好,壞、不好
1421,悪い,にくい,22,に,形,坏、不好,壞、不好
1422,難い,にくい,22,に,接尾,困难、不易,困難、不易
1423,悪い,にくい,22,に,接尾,坏、不好,壞、不好
1424,悪い,にくい,22,に,接尾,坏、不好,壞、不好
1425,憎む,にくむ,22,に,他五,憎恨,憎恨
1426,逃げる,にげる,22,に,自下一,逃跑,逃跑
1427,濁る,にごる,22,に,自五,混浊,混濁
1428,西,にし,22,に,名,西方,西方
1429,偽,にせ,22,に,名,伪造、假冒,偽造、假冒
1430,贋,にせ,22,に,名,赝品、假货,贗品、假貨
1431,日常,にちじょう,22,に,名,日常,日常
1432,日記,にっき,22,に,名,日记,日記
1433,担う,になう,22,に,他五,承担、担负,承擔、擔負
1434,荷う,になう,22,に,他五,负担、担任,負擔、擔任
1435,鈍い,にぶい,22,に,形,迟钝,遲鈍
1436,日本,にほん,22,に,名,日本,日本
1437,荷物,にもつ,22,に,名,行李,行李
1438,入学,にゅうがく,22,に,名，サ変,入学,入學
1439,入門,にゅうもん,22,に,名，サ変,入门,入門
1440,睨む,にらむ,22,に,他五,瞪视,瞪視
1441,似る,にる,22,に,自上一,相似,相似
1442,煮る,にる,22,に,他上一,炖煮,燉煮
1443,庭,にわ,22,に,名,庭院,庭院
1444,人気,にんき,22,に,名,受欢迎,受歡迎
1445,人形,にんぎょう,22,に,名,玩偶,玩偶
1446,人間,にんげん,22,に,名,人类,人類
1447,認識,にんしき,22,に,名，サ変,认识,認識
1448,抜く,ぬく,23,ぬ,他五,拔出,拔出
1449,脱ぐ,ぬぐ,23,ぬ,他五,脱掉,脫掉
1450,拭う,ぬぐう,23,ぬ,他五,擦拭,擦拭
1451,抜ける,ぬける,23,ぬ,自下一,脱落,脫落
1452,盗む,ぬすむ,23,ぬ,他五,偷窃,偷竊
1453,布,ぬの,23,ぬ,名,布料,布料
1454,塗る,ぬる,23,ぬ,他五,涂抹,塗抹
1455,温い,ぬるい,23,ぬ,形,微温,微溫
1456,根,ね,24,ね,名,根部,根部
1457,願う,ねがう,24,ね,他五,祈求,祈求
1458,猫,ねこ,24,ね,名,猫,貓
1459,値段,ねだん,24,ね,名,价格,價格
1460,熱,ねつ,24,ね,名,热度,熱度
1461,熱意,ねつい,24,ね,名,热情,熱情
1462,熱心,ねっしん,24,ね,名，形動,专心,專心
1463,熱中,ねっちゅう,24,ね,名，サ変,专注,專注
1464,粘る,ねばる,24,ね,自五,黏着,黏著
1465,寝坊,ねぼう,24,ね,形動，名，サ変,睡过头,睡過頭
1466,眠い,ねむい,24,ね,形,困倦,睏倦
1467,眠る,ねむる,24,ね,自五,入睡,入睡
1468,狙う,ねらう,24,ね,他五,瞄准,瞄準
1469,寝る,ねる,24,ね,自下一,睡觉,睡覺
1470,練る,ねる,24,ね,自他五,揉捏、推敲,揉捏、推敲
1471,煉る,ねる,24,ね,自他五,炼制、反复琢磨,煉製、反覆琢磨
1472,年中,ねんじゅう,24,ね,名，副,整年,整年
1473,農業,のうぎょう,25,の,名,农业,農業
1474,農民,のうみん,25,の,名,农民,農民
1475,残す,のこす,25,の,他五,留下,留下
1476,残る,のこる,25,の,自五,剩余,剩餘
1477,載せる,のせる,25,の,他下一,载运,載運
1478,乗せる,のせる,25,の,他下一,装载,裝載
1479,除く,のぞく,25,の,他五,去除,去除
1480,覗く,のぞく,25,の,自他五,偷看,偷看
1481,喉,のど,25,の,名,喉咙,喉嚨
1482,伸ばす,のばす,25,の,他五,拉长,拉長
1483,延ばす,のばす,25,の,他五,延长,延長
1484,伸びる,のびる,25,の,自上一,伸展,伸展
1485,延びる,のびる,25,の,自上一,延期,延期
1486,延べ,のべ,25,の,名,总计,總計
1487,述べる,のべる,25,の,他下一,陈述,陳述
1488,上る,のぼる,25,の,自五,爬上,爬上
1489,登る,のぼる,25,の,自五,登高,登高
1490,昇る,のぼる,25,の,自五,上升,上升
1491,飲む,のむ,25,の,他五,喝、吞咽,喝、吞嚥
1492,呑む,のむ,25,の,他五,吞咽、饮用,吞嚥、飲用
1493,乗り換える,のりかえる,25,の,自下一,换乘,轉乘
1494,乗る,のる,25,の,自五,乘坐,乘坐
1495,載る,のる,25,の,自五,刊登,刊登
1496,呑気,のんき,25,の,名，形動,悠闲,悠閒
1497,のんびり,のんびり,25,の,副，サ変,悠哉,悠哉
1498,葉,は,26,は,名,叶子,葉子
1499,歯,は,26,は,名,牙齿,牙齒
1500,場合,ばあい,62,は,名,场合,場合
1501,配達,はいたつ,26,は,名，サ変,送货,送貨
1502,入る,はいる,26,は,自五,进入,進入
1503,生える,はえる,26,は,自下一,生长,生長
1504,墓,はか,26,は,名,坟墓,墳墓
1505,馬鹿,ばか,62,は,名，形動,愚蠢,愚蠢
1506,葉書,はがき,26,は,名,明信片,明信片
1507,捗る,はかどる,26,は,自五,顺利,順利
1508,秤,はかり,26,は,名,秤量,秤量
1509,計る,はかる,26,は,他五,测量,測量
1510,図る,はかる,26,は,他五,计划,計劃
1511,測る,はかる,26,は,他五,计量,計量
1512,量る,はかる,26,は,他五,计算,計算
1513,謀る,はかる,26,は,他五,谋划,謀劃
1514,掃く,はく,26,は,他五,扫除,掃除
1515,吐く,はく,26,は,他五,呕吐,嘔吐
1516,穿く,はく,26,は,他五,穿着（鞋、裤）,穿著（鞋、褲）
1517,履く,はく,26,は,他五,穿着（鞋、袜）,穿著（鞋、襪）
1518,莫大,ばくだい,62,は,形動,庞大,龐大
1519,激しい,はげしい,26,は,形,激烈,激烈
1520,励ます,はげます,26,は,他五,鼓励,鼓勵
1521,励む,はげむ,26,は,自五,努力,努力
1522,化ける,ばける,62,は,自下一,变化,變化
1523,箱,はこ,26,は,名,箱子,箱子
1524,運ぶ,はこぶ,26,は,自他五,搬运,搬運
1525,挟む,はさむ,26,は,他五,夹住,夾住
1526,橋,はし,26,は,名,桥,橋
1527,箸,はし,26,は,名,筷子,筷子
1528,恥,はじ,26,は,名,羞耻、耻辱,羞恥、恥辱
1529,辱,はじ,26,は,名,侮辱,侮辱
1530,羞,はじ,26,は,名,羞愧,羞愧
1531,弾く,はじく,26,は,他五,弹奏,彈奏
1532,始まる,はじまる,26,は,自五,开始,開始
1533,始め,はじめ,26,は,名,开始、起始,開始、起始
1534,初め,はじめ,26,は,名,初次、起初,初次、起初
1535,始める,はじめる,26,は,他下一,开始,開始
1536,場所,ばしょ,62,は,名,地点,地點
1537,柱,はしら,26,は,名,柱子,柱子
1538,走る,はしる,26,は,自五,奔跑,奔跑
1539,恥じる,はじる,26,は,自上一,羞愧,羞愧
1540,筈,はず,26,は,名,应该,應該
1541,恥ずかしい,はずかしい,26,は,形,害羞,害羞
1542,外す,はずす,26,は,他五,取下,取下
1543,弾む,はずむ,26,は,自他五,弹跳,彈跳
1544,外れる,はずれる,26,は,自下一,脱落,脫落
1545,旗,はた,26,は,名,旗帜,旗幟
1546,肌,はだ,26,は,名,皮肤、肌肤,皮膚、肌膚
1547,膚,はだ,26,は,名,皮肤、肌肤,皮膚、肌膚
1548,裸,はだか,26,は,名,裸体,裸體
1549,畑,はたけ,26,は,名,田地,田地
1550,果たす,はたす,26,は,他五,实现,實現
1551,二十,はたち,26,は,名,二十,二十
1552,二十歳,はたち,26,は,名,二十岁,二十歲
1553,働く,はたらく,26,は,自他五,工作,工作
1554,二十日,はつか,26,は,名,二十日,二十日
1555,はっきり,はっきり,26,は,副，サ変,明确,明確
1556,発達,はったつ,26,は,名，サ変,发展,發展
1557,発展,はってん,26,は,名，サ変,进展,進展
1558,発売,はつばい,26,は,名，サ変,发售,發售
1559,発表,はっぴょう,26,は,名，サ変,发表,發表
1560,発明,はつめい,26,は,名，サ変，形動,发明,發明
1561,派手,はで,26,は,形動,华丽,華麗
1562,花,はな,26,は,名,花朵,花朵
1563,鼻,はな,26,は,名,鼻子,鼻子
1564,話,はなし,26,は,名,谈话,談話
1565,話す,はなす,26,は,他五,说话,說話
1566,放す,はなす,26,は,他五,放开,放開
1567,離す,はなす,26,は,他五,分离,分離
1568,放つ,はなつ,26,は,他五,释放,釋放
1569,花見,はなみ,26,は,名,赏花,賞花
1570,華やか,はなやか,26,は,形動,华丽,華麗
1571,離れる,はなれる,26,は,自下一,分开,分開
1572,跳ねる,はねる,26,は,自下一,弹跳,彈跳
1573,母,はは,26,は,名,母亲,母親
1574,幅,はば,26,は,名,宽度,寬度
1575,省く,はぶく,26,は,他五,省略,省略
1576,嵌める,はめる,26,は,他下一,镶嵌、嵌入,鑲嵌、嵌入
1577,填める,はめる,26,は,他下一,填补、塞入,填補、塞入
1578,速い,はやい,26,は,形,快速,快速
1579,早い,はやい,26,は,形,早,早
1580,林,はやし,26,は,名,森林,森林
1581,流行る,はやる,26,は,自五,流行,流行
1582,腹,はら,26,は,名,肚子,肚子
1583,払う,はらう,26,は,他五,支付,支付
1584,ばらばら,ばらばら,62,は,副，形動,分散,分散
1585,針,はり,26,は,名,针,針
1586,春,はる,26,は,名,春天,春天
1587,張る,はる,26,は,自他五,延展,延展
1588,貼る,はる,26,は,他五,贴上,貼上
1589,晴れ,はれ,26,は,名,晴天,晴天
1590,腫れる,はれる,26,は,自下一,肿胀,腫脹
1591,晴れる,はれる,26,は,自下一,放晴,放晴
1592,範囲,はんい,26,は,名,范围,範圍
1593,番号,ばんごう,62,は,名,号码,號碼
1594,万歳,ばんざい,62,は,名，サ変,万岁,萬歲
1595,反対,はんたい,26,は,名，サ変,反对,反對
1596,判断,はんだん,26,は,名，サ変,判断,判斷
1597,日,ひ,27,ひ,名,白天,白天
1598,火,ひ,27,ひ,名,火焰、火,火焰、火
1599,灯,ひ,27,ひ,名,灯光、灯,燈光、燈
1600,贔屓,ひいき,27,ひ,名，サ変,偏袒,偏袒
1601,冷える,ひえる,27,ひ,自下一,变冷,變冷
1602,控える,ひかえる,27,ひ,自他下一,控制,控制
1603,比較,ひかく,27,ひ,名，サ変,比较,比較
1604,東,ひがし,27,ひ,名,东方,東方
1605,光,ひかり,27,ひ,名,光,光
1606,光る,ひかる,27,ひ,自五,发光,發光
1607,引かれる,ひかれる,27,ひ,自下一,吸引,吸引
1608,悲観,ひかん,27,ひ,名，サ変,悲观,悲觀
1609,率いる,ひきいる,27,ひ,他上一,率领,率領
1610,引き出す,ひきだす,27,ひ,他五,提取,提取
1611,引き続き,ひきつづき,27,ひ,副,继续,繼續
1612,引く,ひく,27,ひ,他自五,拉,拉
1613,弾く,ひく,27,ひ,他五,弹奏,彈奏
1614,低い,ひくい,27,ひ,形,低矮,低矮
1615,悲劇,ひげき,27,ひ,名,悲剧,悲劇
1616,日頃,ひごろ,27,ひ,名，副,平时,平時
1617,膝,ひざ,27,ひ,名,膝盖,膝蓋
1618,久し振り,ひさしぶり,27,ひ,名，形動,久违,久違
1619,美術,びじゅつ,63,ひ,名,美术,美術
1620,非常,ひじょう,27,ひ,名，形動,非常,非常
1621,潜む,ひそむ,27,ひ,自五,潜藏,潛藏
1622,左,ひだり,27,ひ,名,左边,左邊
1623,引っかかる,ひっかかる,27,ひ,自五,勾住,勾住
1624,びっくり,びっくり,63,ひ,副，サ変,吃惊,吃驚
1625,日付,ひづけ,27,ひ,名,日期,日期
1626,引っ越す,ひっこす,27,ひ,他五,搬家,搬家
1627,ぴったり,ぴったり,68,ひ,副，形動,正好,正好
1628,引っ張る,ひっぱる,27,ひ,他五,拉扯,拉扯
1629,必要,ひつよう,27,ひ,名，形動,必要,必要
1630,人,ひと,27,ひ,名,人,人
1631,酷い,ひどい,27,ひ,形,残酷,殘酷
1632,等しい,ひとしい,27,ひ,形,相等,相等
1633,一つ,ひとつ,27,ひ,名，副,一个,一個
1634,人手,ひとで,27,ひ,名,人手,人手
1635,一人,ひとり,27,ひ,名，副,一人、单独,一人、單獨
1636,独り,ひとり,27,ひ,名，副,单独、一个人,單獨、一個人
1637,独りでに,ひとりでに,27,ひ,副,自然而然,自然而然
1638,皮肉,ひにく,27,ひ,形動,讽刺,諷刺
1639,捻くる,ひねくる,27,ひ,他五,扭曲,扭曲
1640,批判,ひはん,27,ひ,名，サ変,批评,批評
1641,響く,ひびく,27,ひ,自五,回响,回響
1642,皮膚,ひふ,27,ひ,名,皮肤,皮膚
1643,暇,ひま,27,ひ,名，形動,闲暇,閒暇
1644,秘密,ひみつ,27,ひ,名,秘密,秘密
1645,冷やかす,ひやかす,27,ひ,他五,嘲笑,嘲笑
1646,百,ひゃく,27,ひ,名,一百,一百
1647,冷やす,ひやす,27,ひ,他五,冷却,冷卻
1648,美容,びよう,63,ひ,名,美容,美容
1649,病院,びょういん,63,ひ,名,医院,醫院
1650,病気,びょうき,63,ひ,名,生病,生病
1651,表現,ひょうげん,27,ひ,名，サ変,表达,表達
1652,表情,ひょうじょう,27,ひ,名,表情,表情
1653,評判,ひょうばん,27,ひ,名,名声,名聲
1654,開く,ひらく,27,ひ,自他五,打开,打開
1655,昼,ひる,27,ひ,名,中午,中午
1656,広い,ひろい,27,ひ,形,宽广,寬廣
1657,拾う,ひろう,27,ひ,他五,捡拾,撿拾
1658,広がる,ひろがる,27,ひ,自五,扩展,擴展
1659,広げる,ひろげる,27,ひ,他下一,展开,展開
1660,広場,ひろば,27,ひ,名,广场,廣場
1661,広まる,ひろまる,27,ひ,自五,传播,傳播
1662,広める,ひろめる,27,ひ,他下一,宣传,宣傳
1663,便乗,びんじょう,63,ひ,名，サ変,搭便车,搭便車
1664,貧乏,びんぼう,63,ひ,名，形動，サ変,贫穷,貧窮
1665,不安,ふあん,28,ふ,名，形動,不安,不安
1666,封筒,ふうとう,28,ふ,名,信封,信封
1667,夫婦,ふうふ,28,ふ,名,夫妻,夫妻
1668,増える,ふえる,28,ふ,自下一,增加、增长,增加、增長
1669,殖える,ふえる,28,ふ,自下一,繁殖、增殖,繁殖、增殖
1670,深い,ふかい,28,ふ,形,深的,深的
1671,付近,ふきん,28,ふ,名,附近,附近
1672,服,ふく,28,ふ,名,衣服,衣服
1673,拭く,ふく,28,ふ,他五,擦拭,擦拭
1674,吹く,ふく,28,ふ,自他五,吹,吹
1675,噴く,ふく,28,ふ,自五,喷出,噴出
1676,複雑,ふくざつ,28,ふ,名，形動,复杂,複雜
1677,含む,ふくむ,28,ふ,他五,包含,包含
1678,膨らむ,ふくらむ,28,ふ,自五,膨胀,膨脹
1679,膨れる,ふくれる,28,ふ,自下一,鼓起,鼓起
1680,袋,ふくろ,28,ふ,名,袋子,袋子
1681,老ける,ふける,28,ふ,自下一,显老,顯老
1682,塞がる,ふさがる,28,ふ,自五,阻塞,阻塞
1683,塞ぐ,ふさぐ,28,ふ,自他五,堵住,堵住
1684,ふざける,ふざける,28,ふ,自下一,嬉戏,嬉戲
1685,無沙汰,ぶさた,64,ふ,名，サ変,久未联络,久未聯絡
1686,相応しい,ふさわしい,28,ふ,形,适合,適合
1687,無事,ぶじ,64,ふ,名，形動,平安,平安
1688,不思議,ふしぎ,28,ふ,名，形動,奇怪,奇怪
1689,不信,ふしん,28,ふ,名,不信任,不信任
1690,防ぐ,ふせぐ,28,ふ,他五,防止,防止
1691,伏せる,ふせる,28,ふ,他下一,伏下,伏下
1692,不足,ふそく,28,ふ,名，形動,不足,不足
1693,蓋,ふた,28,ふ,名,盖子,蓋子
1694,札,ふだ,28,ふ,名,纸币,紙幣
1695,豚,ぶた,64,ふ,名,猪,豬
1696,再び,ふたたび,28,ふ,副,再次,再次
1697,二つ,ふたつ,28,ふ,名,两个,兩個
1698,普段,ふだん,28,ふ,副,平时,平時
1699,不注意,ふちゅうい,28,ふ,名，形動,不注意,不注意
1700,物価,ぶっか,64,ふ,名,物价,物價
1701,ぶつかる,ぶつかる,64,ふ,自五,撞上,撞上
1702,筆,ふで,28,ふ,名,毛笔,毛筆
1703,太い,ふとい,28,ふ,形,粗,粗
1704,懐,ふところ,28,ふ,名,怀抱,懷抱
1705,太る,ふとる,28,ふ,自五,发胖、变重,發胖、變重
1706,肥る,ふとる,28,ふ,自五,发胖、变重,發胖、變重
1707,布団,ふとん,28,ふ,名,被褥、棉被,被褥、棉被
1708,蒲団,ふとん,28,ふ,名,被褥、棉被,被褥、棉被
1709,船,ふね,28,ふ,名,船、舰,船、艦
1710,舟,ふね,28,ふ,名,小船、舟,小船、舟
1711,不便,ふべん,28,ふ,名，形動,不方便,不方便
1712,不満,ふまん,28,ふ,名，形動,不满,不滿
1713,踏む,ふむ,28,ふ,他五,踏,踏
1714,不明,ふめい,28,ふ,名,不明,不明
1715,麓,ふもと,28,ふ,名,山脚,山腳
1716,冬,ふゆ,28,ふ,名,冬天,冬天
1717,ふらふら,ふらふら,28,ふ,副，形動，サ変,头晕,頭暈
1718,ぶらぶら,ぶらぶら,64,ふ,副，サ変,闲晃,閒晃
1719,振り,ふり,28,ふ,名，接尾,风格,風格
1720,不利,ふり,28,ふ,名，形動,不利,不利
1721,降る,ふる,28,ふ,自五,下雨,下雨
1722,振る,ふる,28,ふ,他五,挥动,揮動
1723,古い,ふるい,28,ふ,形,旧,舊
1724,奮う,ふるう,28,ふ,自五,鼓舞,鼓舞
1725,振う,ふるう,28,ふ,自他五,振奋、鼓起,振奮、鼓起
1726,奮う,ふるう,28,ふ,自他五,奋发、鼓起,奮發、鼓起
1727,震える,ふるえる,28,ふ,自下一,颤抖,顫抖
1728,古里,ふるさと,28,ふ,名,故乡、家乡,故鄉、家鄉
1729,故郷,ふるさと,28,ふ,名,故乡、家乡,故鄉、家鄉
1730,故里,ふるさと,28,ふ,名,故乡、家乡,故鄉、家鄉
1731,振舞う,ふるまう,28,ふ,自他五,行为,行為
1732,触れる,ふれる,28,ふ,自他下一,触摸,觸摸
1733,風呂,ふろ,28,ふ,名,浴池,浴池
1734,文化,ぶんか,64,ふ,名,文化,文化
1735,文章,ぶんしょう,64,ふ,名,文章,文章
1736,文明,ぶんめい,64,ふ,名,文明,文明
1737,分野,ぶんや,64,ふ,名,领域,領域
1738,平気,へいき,29,へ,名，形動,冷静,冷靜
1739,平均,へいきん,29,へ,名，サ変,平均,平均
1740,平行,へいこう,29,へ,名，サ変,平行,平行
1741,平凡,へいぼん,29,へ,名，形動,平凡,平凡
1742,平和,へいわ,29,へ,名，形動,和平,和平
1743,下手,へた,29,へ,名，形動,笨拙,笨拙
1744,別に,べつに,65,へ,副,特别,特別
1745,蛇,へび,29,へ,名,蛇,蛇
1746,部屋,へや,29,へ,名,房间,房間
1747,減らす,へらす,29,へ,他五,减少,減少
1748,経る,へる,29,へ,自下一,经历,經歷
1749,減る,へる,29,へ,自五,减少,減少
1750,変,へん,29,へ,名，形動,奇怪,奇怪
1751,便乗,べん,65,へ,名，形動,搭便车,搭便車
1752,勉強,べんきょう,65,へ,名，サ変,学习,學習
1753,返事,へんじ,29,へ,名，サ変,回复,回覆
1754,便利,べんり,65,へ,名，形動,便利,便利
1755,貿易,ぼうえき,66,ほ,名，サ変,贸易,貿易
1756,方向,ほうこう,30,ほ,名,方向,方向
1757,報告,ほうこく,30,ほ,名，サ変,报告,報告
1758,放送,ほうそう,30,ほ,名，サ変,广播,廣播
1759,報道,ほうどう,30,ほ,名，サ変,报导,報導
1760,方法,ほうほう,30,ほ,名,方法,方法
1761,訪問,ほうもん,30,ほ,名，サ変,拜访,拜訪
1762,法律,ほうりつ,30,ほ,名,法律,法律
1763,吠える,ほえる,30,ほ,自下一,吠叫,吠叫
1764,吼える,ほえる,30,ほ,自下一,吼叫,吼叫
1765,外,ほか,30,ほ,名，助,外部、外面,外部、外面
1766,他,ほか,30,ほ,名，助,他人、别处,他人、別處
1767,朗らか,ほがらか,30,ほ,形動,开朗,開朗
1768,僕,ぼく,66,ほ,代,我（男性用语）,我（男性用語）
1769,誇り,ほこり,30,ほ,名,骄傲,驕傲
1770,埃,ほこり,30,ほ,名,灰尘,灰塵
1771,誇る,ほこる,30,ほ,自五,自豪,自豪
1772,星,ほし,30,ほ,名,星星,星星
1773,欲しい,ほしい,30,ほ,形,想要,想要
1774,募集,ぼしゅう,66,ほ,名，サ変,募集,募集
1775,保証,ほしょう,30,ほ,名，サ変,保证,保證
1776,干す,ほす,30,ほ,他五,晾干,晾乾
1777,乾す,ほす,30,ほ,他五,使干燥,使乾燥
1778,細い,ほそい,30,ほ,形,细的,細的
1779,保存,ほぞん,30,ほ,名，サ変,保存,保存
1780,発作,ほっさ,30,ほ,名,发作,發作
1781,発足,ほっそく,30,ほ,名，サ変,成立,成立
1782,程,ほど,30,ほ,助词,程度,程度
1783,殆ど,ほとんど,30,ほ,副，名,几乎,幾乎
1784,炎,ほのお,30,ほ,名,火焰,火焰
1785,微笑む,ほほえむ,30,ほ,自五,微笑,微笑
1786,褒める,ほめる,30,ほ,他下一,称赞、夸奖,稱讚、誇獎
1787,誉める,ほめる,30,ほ,他下一,赞扬、表扬,讚揚、表揚
1788,掘る,ほる,30,ほ,他五,挖掘,挖掘
1789,彫る,ほる,30,ほ,他五,雕刻,雕刻
1790,惚れる,ほれる,30,ほ,自下一,爱上,愛上
1791,滅びる,ほろびる,30,ほ,自上一,灭亡、毁灭,滅亡、毀滅
1792,亡びる,ほろびる,30,ほ,自上一,灭亡、毁灭,滅亡、毀滅
1793,滅ぼす,ほろぼす,30,ほ,他五,毁灭,毀滅
1794,本,ほん,30,ほ,名,书,書
1795,本気,ほんき,30,ほ,名，形動,认真,認真
1796,本当,ほんとう,30,ほ,名，形動,真的,真的
1797,本音,ほんね,30,ほ,名,真心话,真心話
1798,本物,ほんもの,30,ほ,名,真品,真品
1799,翻訳,ほんやく,30,ほ,名，サ変,翻译,翻譯
1800,毎,まい,31,ま,接頭,每,每
1801,参る,まいる,31,ま,自五,参拜,參拜
1802,舞う,まう,31,ま,自五,飞舞,飛舞
1803,前,まえ,31,ま,名,前面,前面
1804,任せる,まかせる,31,ま,他下一,委托,委託
1805,賄う,まかなう,31,ま,他五,供应,供應
1806,曲がる,まがる,31,ま,自五,弯曲,彎曲
1807,紛れる,まぎれる,31,ま,自下一,混入,混入
1808,巻く,まく,31,ま,自他五,卷起,捲起
1809,撒く,まく,31,ま,他五,撒播,撒播
1810,蒔く,まく,31,ま,他五,播种、撒播,播種、撒播
1811,播く,まく,31,ま,他五,播种、种植,播種、種植
1812,枕,まくら,31,ま,名,枕头,枕頭
1813,負ける,まける,31,ま,自他下一,输,輸
1814,曲げる,まげる,31,ま,他下一,弯曲,彎曲
1815,孫,まご,31,ま,名,孙子,孫子
1816,摩擦,まさつ,31,ま,名，サ変,摩擦,摩擦
1817,正に,まさに,31,ま,副,确实,確實
1818,勝る,まさる,31,ま,自五,胜过、超越,勝過、超越
1819,優る,まさる,31,ま,自五,优越、胜过,優越、勝過
1820,交える,まじえる,31,ま,他下一,混合,混合
1821,況して,まして,31,ま,副,况且,況且
1822,交じる,まじる,31,ま,他五,混杂、掺杂,混雜、摻雜
1823,混じる,まじる,31,ま,他五,混杂、混合,混雜、混合
1824,雑じる,まじる,31,ま,他五,混杂、参杂,混雜、參雜
1825,交わる,まじわる,31,ま,自五,交往,交往
1826,増す,ます,31,ま,自他五,增加、增长,增加、增長
1827,益す,ます,31,ま,自他五,增益、提高,增益、提高
1828,先ず,まず,31,ま,副,首先,首先
1829,不味い,まずい,31,ま,形,难吃,難吃
1830,貧しい,まずしい,31,ま,形,贫穷,貧窮
1831,交ぜる,まぜる,31,ま,他下一,搅拌、混合,攪拌、混合
1832,混ぜる,まぜる,31,ま,他下一,搅拌、混合,攪拌、混合
1833,又,また,31,ま,副，接続,再,再
1834,未だ,まだ,31,ま,副,尚未,尚未
1835,又は,または,31,ま,接続,或者,或者
1836,街,まち,31,ま,名,城市、街道,城市、街道
1837,町,まち,31,ま,名,城镇、街道,城鎮、街道
1838,間近,まぢか,31,ま,形動,接近,接近
1839,間違い,まちがい,31,ま,名,错误,錯誤
1840,間違う,まちがう,31,ま,自他五,弄错,弄錯
1841,間違える,まちがえる,31,ま,他下一,搞错,搞錯
1842,松,まつ,31,ま,名,松树,松樹
1843,待つ,まつ,31,ま,他五,等待,等待
1844,真っ直ぐ,まっすぐ,31,ま,名，形動,笔直,筆直
1845,全く,まったく　,31,ま,副,完全,完全
1846,祭る,まつる,31,ま,他五,祭祀,祭祀
1847,窓,まど,31,ま,名,窗户,窗戶
1848,窓口,まどぐち,31,ま,名,窗口,窗口
1849,纏まる,まとまる,31,ま,自五,统整,統整
1850,纏める,まとめる,31,ま,他下一,整理,整理
1851,学ぶ,まなぶ,31,ま,他五,学习,學習
1852,間に合う,まにあう,31,ま,自五,赶上,趕上
1853,免れる,まぬかれる,31,ま,他下一,避免,避免
1854,招く,まねく,31,ま,他五,招待,招待
1855,真似る,まねる,31,ま,他下一,模仿,模仿
1856,眩しい,まぶしい,31,ま,形,刺眼,刺眼
1857,まま,まま,31,ま,名,照旧,照舊
1858,豆,まめ,31,ま,名,豆类,豆類
1859,守り,まもり,31,ま,名,守护、保护,守護、保護
1860,護り,まもり,31,ま,名,守护、保护,守護、保護
1861,守る,まもる,31,ま,他五,守护、保护,守護、保護
1862,護る,まもる,31,ま,他五,守护、保护,守護、保護
1863,眉,まゆ,31,ま,名,眉毛,眉毛
1864,迷う,まよう,31,ま,自五,迷路,迷路
1865,丸,まる,31,ま,名，接頭,圆,圓
1866,丸い,まるい,31,ま,形,圆形、圆的,圓形、圓的
1867,円い,まるい,31,ま,形,圆形、圆的,圓形、圓的
1868,丸ごと,まるごと,31,ま,副,完整,完整
1869,回す,まわす,31,ま,他五,转动、旋转,轉動、旋轉
1870,廻す,まわす,31,ま,他五,转动、旋转,轉動、旋轉
1871,回り,まわり,31,ま,名，接尾,周围,周圍
1872,回る,まわる,31,ま,自五,旋转、回转,旋轉、迴轉
1873,廻る,まわる,31,ま,自五,旋转、回转,旋轉、迴轉
1874,万一,まんいち,31,ま,名，副,万一,萬一
1875,満員,まんいん,31,ま,名,满员,滿員
1876,漫画,まんが,31,ま,名,漫画,漫畫
1877,満足,まんぞく,31,ま,名，サ変，形動,满足,滿足
1878,満点,まんてん,31,ま,名,满分,滿分
1879,真中,まんなか,31,ま,名,中央,中央
1880,実,み,32,み,名,果实,果實
1881,身,み,32,み,名,身体,身體
1882,見失う,みうしなう,32,み,他五,迷失,迷失
1883,見栄,みえ,32,み,名,虚荣,虛榮
1884,見える,みえる,32,み,自下一,看得见,看得見
1885,見送る,みおくる,32,み,他五,送别,送別
1886,磨く,みがく,32,み,他五,擦亮、磨光,擦亮、磨光
1887,研く,みがく,32,み,他五,研磨、磨光,研磨、磨光
1888,味方,みかた,32,み,名，サ変,伙伴,夥伴
1889,右,みぎ,32,み,名,右边,右邊
1890,見事,みごと,32,み,形動,出色,出色
1891,見込み,みこみ,32,み,名,期望,期望
1892,見込む,みこむ,32,み,他五,预期,預期
1893,水,みず,32,み,名,水,水
1894,湖,みずうみ,32,み,名,湖,湖
1895,自ら,みずから,32,み,名，副,自己,自己
1896,店,みせ,32,み,名,商店,商店
1897,見せびらかす,みせびらかす,32,み,他五,炫耀,炫耀
1898,見せる,みせる,32,み,他下一,展示,展示
1899,味噌,みそ,32,み,名,味噌,味噌
1900,溝,みぞ,32,み,名,沟渠,溝渠
1901,見出し,みだし,32,み,名,标题,標題
1902,満たす,みたす,32,み,他五,满足,滿足
1903,乱す,みだす,32,み,他五,扰乱,擾亂
1904,乱れる,みだれる,32,み,自下一,混乱,混亂
1905,道,みち,32,み,名,道路,道路
1906,身近,みぢか,32,み,名，形動,亲近,親近
1907,導く,みちびく,32,み,他五,引导,引導
1908,満ちる,みちる,32,み,自上一,充满,充滿
1909,見付かる,みつかる,32,み,自五,找到,找到
1910,見付ける,みつける,32,み,他下一,发现,發現
1911,みっともない,みっともない,32,み,形,丢脸,丟臉
1912,見通す,みとおす,32,み,他五,预测,預測
1913,認める,みとめる,32,み,他下一,承认,承認
1914,緑,みどり,32,み,名,绿色,綠色
1915,皆,みな,32,み,名,大家,大家
1916,見なす,みなす,32,み,他五,视为,視為
1917,港,みなと,32,み,名,港口,港口
1918,南,みなみ,32,み,名,南方,南方
1919,醜い,みにくい,32,み,形,丑陋,醜陋
1920,見抜く,みぬく,32,み,他五,看穿,看穿
1921,実り,みのり,32,み,名,成果,成果
1922,身分,みぶん,32,み,名,身份,身份
1923,見本,みほん,32,み,名,样本,樣本
1924,見舞,みまい,32,み,名,探望,探望
1925,見舞う,みまう,32,み,他五,问候,問候
1926,見守る,みまもる,32,み,他五,守护,守護
1927,耳,みみ,32,み,名,耳朵,耳朵
1928,身元,みもと,32,み,名,身份、背景,身份、背景
1929,身許,みもと,32,み,名,身份、背景,身份、背景
1930,土産,みやげ,32,み,名,土产,土產
1931,都,みやこ,32,み,名,城市,城市
1932,見る,みる,32,み,他上一,观看,觀看
1933,診る,みる,32,み,他上一,诊察,診察
1934,皆,みんな,32,み,名，副,大家,大家
1935,向かう,むかう,33,む,自五,前往,前往
1936,迎える,むかえる,33,む,他下一,迎接,迎接
1937,昔,むかし,33,む,名,过去,過去
1938,むかつく,むかつく,33,む,自五,恼火,惱火
1939,向き,むき,33,む,名,方向,方向
1940,向く,むく,33,む,自五,适合,適合
1941,剥く,むく,33,む,他五,削皮,削皮
1942,報いる,むくいる,33,む,他上一,报答,報答
1943,向ける,むける,33,む,他下一,朝向,朝向
1944,向こう,むこう,33,む,名,对面,對面
1945,虫,むし,33,む,名,昆虫,昆蟲
1946,蒸す,むす,33,む,自他五,蒸煮,蒸煮
1947,難しい,むずかしい,33,む,形,困难,困難
1948,息子,むすこ,33,む,名,儿子,兒子
1949,結ぶ,むすぶ,33,む,他五,系结,繫結
1950,娘,むすめ,33,む,名,女儿,女兒
1951,夢中,むちゅう,33,む,名,入迷,入迷
1952,胸,むね,33,む,名,胸部,胸部
1953,村,むら,33,む,名,村庄,村莊
1954,群がる,むらがる,33,む,自五,聚集,聚集
1955,無理,むり,33,む,名，形動,勉强,勉強
1956,無料,むりょう,33,む,名,免费,免費
1957,目,め,34,め,名，接尾,眼睛,眼睛
1958,眼,め,34,め,名，接尾,眼睛,眼睛
1959,名刺,めいし,34,め,名,名片,名片
1960,命じる,めいじる,34,め,サ変,命令,命令
1961,名誉,めいよ,34,め,名，形動,荣誉,榮譽
1962,命令,めいれい,34,め,名，サ変,指令,指令
1963,迷惑,めいわく,34,め,名，形動，サ変,麻烦,麻煩
1964,目上,めうえ,34,め,名,上司,上司
1965,眼鏡,めがね,34,め,名,眼镜,眼鏡
1966,恵まれる,めぐまれる,34,め,自下一,受惠,受惠
1967,目覚める,めざめる,34,め,自下一,醒来,醒來
1968,飯,めし,34,め,名,饭,飯
1969,召し上がる,めしあがる,34,め,他五,享用,享用
1970,目下,めした,34,め,名,下属,下屬
1971,珍しい,めずらしい,34,め,形,罕见,罕見
1972,目立つ,めだつ,34,め,自五,显眼,顯眼
1973,滅多,めった,34,め,形動,几乎不,幾乎不
1974,目出度い,めでたい,34,め,形,可喜,可喜
1975,面倒,めんどう,34,め,名，形動,麻烦,麻煩
1976,儲かる,もうかる,35,も,自五,赚钱,賺錢
1977,設ける,もうける,35,も,他下一,设立,設立
1978,申し上げる,もうしあげる,35,も,他下一,表达,表達
1979,申し込む,もうしこむ,35,も,他五,申请,申請
1980,申し訳,もうしわけ,35,も,名,抱歉,抱歉
1981,申す,もうす,35,も,他五,说,說
1982,燃える,もえる,35,も,自下一,燃烧,燃燒
1983,目的,もくてき,35,も,名,目标,目標
1984,潜る,もぐる,35,も,自五,潜入,潛入
1985,若し,もし,35,も,副,如果,如果
1986,文字,もじ,35,も,名,文字,文字
1987,齎す,もたらす,35,も,他五,带来,帶來
1988,餅,もち,35,も,名,年糕,年糕
1989,用いる,もちいる,35,も,他上一,使用,使用
1990,勿論,もちろん,35,も,副,当然,當然
1991,持つ,もつ,35,も,自他五,持有,持有
1992,勿体無い,もったいない,35,も,形,浪费,浪費
1993,もっと,もっと,35,も,副,更多,更多
1994,最も,もっとも,35,も,副,最,最
1995,尤も,もっとも,35,も,形動，接,合理,合理
1996,もてなす,もてなす,35,も,他五,款待,款待
1997,もどかしい,もどかしい,35,も,形,焦急,焦急
1998,戻す,もどす,35,も,他五,恢复,恢復
1999,基づく,もとづく,35,も,自五,根据,根據
2000,求める,もとめる,35,も,他下一,寻求,尋求
2001,元々,もともと,35,も,副,本来,本來
2002,元より,もとより,35,も,副,本来,本來
2003,戻る,もどる,35,も,自五,回来,回來
2004,物,もの,35,も,名,物品,物品
2005,物事,ものごと,35,も,名,事情,事情
2006,揉む,もむ,35,も,他五,按摩,按摩
2007,揉める,もめる,35,も,自下一,纠纷,糾紛
2008,燃やす,もやす,35,も,他五,焚烧,焚燒
2009,催す,もよおす,35,も,他五,举办,舉辦
2010,洩らす,もらす,35,も,他五,泄漏,洩漏
2011,漏らす,もらす,35,も,他五,流出,流出
2012,森,もり,35,も,名,森林,森林
2013,盛る,もる,35,も,他五,盛装,盛裝
2014,漏れる,もれる,35,も,自下一,泄漏,洩漏
2015,脆い,もろい,35,も,形,脆弱,脆弱
2016,問題,もんだい,35,も,名,问题,問題
2017,八百屋,やおや,36,や,名,蔬果店,蔬果店
2018,喧しい,やかましい,36,や,形,吵闹,吵鬧
2019,野球,やきゅう,36,や,名,棒球,棒球
2020,焼く,やく,36,や,他五,烧烤,燒烤
2021,役所,やくしょ,36,や,名,政府机关,政府機關
2022,訳す,やくす,36,や,他五,翻译,翻譯
2023,約束,やくそく,36,や,名，サ変,约定,約定
2024,役立つ,やくだつ,36,や,自五,有用,有用
2025,焼ける,やける,36,や,自下一,燃烧,燃燒
2026,野菜,やさい,36,や,名,蔬菜,蔬菜
2027,易しい,やさしい,36,や,形,简单,簡單
2028,優しい,やさしい,36,や,形,温柔,溫柔
2029,養う,やしなう,36,や,他五,养育,養育
2030,安い,やすい,36,や,形,便宜,便宜
2031,易い,やすい,36,や,形，接尾,容易,容易
2032,休み,やすみ,36,や,名,休息,休息
2033,休む,やすむ,36,や,自他五,休假,休假
2034,痩せる,やせる,36,や,自下一,变瘦,變瘦
2035,矢鱈,やたら,36,や,名，形動,胡乱,胡亂
2036,厄介,やっかい,36,や,名，形動,麻烦,麻煩
2037,やっと,やっと,36,や,副,终于,終於
2038,矢張り,やはり,36,や,副,果然,果然
2039,破る,やぶる,36,や,他五,撕破,撕破
2040,敗れる,やぶれる,36,や,自下一,失败,失敗
2041,山,やま,36,や,名,山,山
2042,止む,やむ,36,や,自五,停止,停止
2043,稍,やや,36,や,副,稍微,稍微
2044,遣る,やる,36,や,他五,做,做
2045,柔らかい,やわらかい,36,や,形,柔软,柔軟
2046,和らげる,やわらげる,36,や,他下一,缓和,緩和
2047,湯,ゆ,37,ゆ,名,热水,熱水
2048,夕方,ゆうがた,37,ゆ,名,傍晚,傍晚
2049,友好,ゆうこう,37,ゆ,名,友好,友好
2050,郵便,ゆうびん,37,ゆ,名,邮件,郵件
2051,有名,ゆうめい,37,ゆ,形動,有名,有名
2052,有利,ゆうり,37,ゆ,形動,有利,有利
2053,歪む,ゆがむ,37,ゆ,自五,歪斜,歪斜
2054,歪める,ゆがめる,37,ゆ,他下一,歪曲,歪曲
2055,雪,ゆき,37,ゆ,名,雪,雪
2056,行く,ゆく,37,ゆ,自五,去,去
2057,輸出,ゆしゅつ,37,ゆ,名，サ変,出口,出口
2058,譲る,ゆずる,37,ゆ,他五,让出,讓出
2059,豊か,ゆたか,37,ゆ,形動,丰富,豐富
2060,油断,ゆだん,37,ゆ,名，サ変,疏忽,疏忽
2061,ゆっくり,ゆっくり,37,ゆ,副，サ変,慢慢,慢慢
2062,茹でる,ゆでる,37,ゆ,他下一,煮,煮
2063,輸入,ゆにゅう,37,ゆ,名，サ変,进口,進口
2064,指,ゆび,37,ゆ,名,手指,手指
2065,指輪,ゆびわ,37,ゆ,名,戒指,戒指
2066,夢,ゆめ,37,ゆ,名,梦想,夢想
2067,緩い,ゆるい,37,ゆ,形,松弛,鬆弛
2068,許す,ゆるす,37,ゆ,他五,允许,允許
2069,緩む,ゆるむ,37,ゆ,自五,放松,放鬆
2070,緩める,ゆるめる,37,ゆ,他下一,减弱,減弱
2071,揺れる,ゆれる,37,ゆ,自下一,摇晃,搖晃
2072,世,よ,38,よ,名,世界,世界
2073,良い,よい,38,よ,形,好,好
2074,酔う,よう,38,よ,自五,喝醉,喝醉
2075,用意,ようい,38,よ,名，サ変,准备,準備
2076,要求,ようきゅう,38,よ,名，サ変,需求,需求
2077,ようこそ,ようこそ,38,よ,感,欢迎,歡迎
2078,用事,ようじ,38,よ,名,事情,事情
2079,様子,ようす,38,よ,名,状态,狀態
2080,要する,ようする,38,よ,サ変,需要,需要
2081,要するに,ようするに,38,よ,副,总之,總之
2082,要素,ようそ,38,よ,名,要点,要點
2083,漸く,ようやく,38,よ,副,终于,終於
2084,預金,よきん,38,よ,名，サ変,存款,存款
2085,欲,よく,38,よ,名,欲望,慾望
2086,よく,よく,38,よ,副,经常,經常
2087,翌日,よくじつ,38,よ,名,翌日,翌日
2088,余計,よけい,38,よ,名，形動，副,多余,多餘
2089,横,よこ,38,よ,名,横,橫
2090,横切る,よこぎる,38,よ,自五,穿越,穿越
2091,寄越す,よこす,38,よ,他五,送来,送來
2092,汚す,よごす,38,よ,他五,弄脏,弄髒
2093,汚れる,よごれる,38,よ,自下一,变脏,變髒
2094,予算,よさん,38,よ,名，サ変,预算,預算
2095,予習,よしゅう,38,よ,名，サ変,预习,預習
2096,止す,よす,38,よ,他五,停止,停止
2097,寄せる,よせる,38,よ,他下一,移近,移近
2098,余所,よそ,38,よ,名,别处、其他地方,別處、其他地方
2099,他所,よそ,38,よ,名,别处、其他地方,別處、其他地方
2100,予想,よそう,38,よ,名，サ変,预测,預測
2101,予定,よてい,38,よ,名，サ変,计划,計劃
2102,夜中,よなか,38,よ,名,半夜,半夜
2103,世の中,よのなか,38,よ,名,社会,社會
2104,呼ぶ,よぶ,38,よ,他五,呼叫,呼叫
2105,余程,よほど,38,よ,副,非常,非常
2106,蘇る,よみがえる,38,よ,自五,复活,復活
2107,読む,よむ,38,よ,他五,阅读,閱讀
2108,より,より,38,よ,格助，副,比起,比起
2109,寄る,よる,38,よ,自五,接近,接近
2110,夜,よる,38,よ,名,夜晚,夜晚
2111,依る,よる,38,よ,自五,依据、取决于,依據、取決於
2112,拠る,よる,38,よ,自五,依据、取决于,依據、取決於
2113,因る,よる,38,よ,自五,由于、因为,由於、因為
2114,喜び,よろこび,38,よ,名,喜悦,喜悅
2115,喜ぶ,よろこぶ,38,よ,他五,高兴,高興
2116,宜しい,よろしい,38,よ,形,可以,可以
2117,宜しく,よろしく,38,よ,副,请多指教,請多指教
2118,輿論,よろん,38,よ,名,舆论,輿論
2119,弱い,よわい,38,よ,形,虚弱,虛弱
2120,弱める,よわめる,38,よ,自下一,减弱,減弱
2121,弱る,よわる,38,よ,自五,变弱,變弱
2122,来月,らいげつ,39,ら,名,下个月,下個月
2123,来週,らいしゅう,39,ら,名,下周,下週
2124,来年,らいねん,39,ら,名,明年,明年
2125,楽,らく,39,ら,名，形動,轻松,輕鬆
2126,楽観,らっかん,39,ら,名，サ変,乐观,樂觀
2127,利益,りえき,40,り,名,利益,利益
2128,理科,りか,40,り,名,科学,科學
2129,理解,りかい,40,り,名，サ変,理解,理解
2130,利口,りこう,40,り,名，形動,聪明,聰明
2131,理想,りそう,40,り,名,理想,理想
2132,立派,りっぱ,40,り,形動,优秀,優秀
2133,理由,りゆう,40,り,名,理由,理由
2134,留学,りゅうがく,40,り,名，サ変,留学,留學
2135,流行,りゅうこう,40,り,名，サ変,流行,流行
2136,寮,りょう,40,り,名,宿舍,宿舍
2137,利用,りよう,40,り,名，サ変,利用,利用
2138,両替,りょうがえ,40,り,名，サ変,兑换,兌換
2139,料金,りょうきん,40,り,名,费用,費用
2140,両親,りょうしん,40,り,名,父母,父母
2141,両方,りょうほう,40,り,名,双方,雙方
2142,料理,りょうり,40,り,名，サ変,料理,料理
2143,旅行,りょこう,40,り,名，サ変,旅行,旅行
2144,履歴書,りれきしょ,40,り,名,履历表,履歷表
2145,理論,りろん,40,り,名,理论,理論
2146,留守,るす,41,る,名，サ変,不在家,不在家
2147,留守番,るすばん,41,る,名,看家,看家
2148,礼,れい,42,れ,名,礼貌,禮貌
2149,例,れい,42,れ,名,例子,例子
2150,例外,れいがい,42,れ,名,例外,例外
2151,礼儀,れいぎ,42,れ,名,礼仪,禮儀
2152,歴史,れきし,42,れ,名,历史,歷史
2153,列車,れっしゃ,42,れ,名,列车,列車
2154,練習,れんしゅう,42,れ,名，サ変,练习,練習
2155,連続,れんぞく,42,れ,名，サ変,连续,連續
2156,連絡,れんらく,42,れ,名，サ変,联络,聯絡
2157,廊下,ろうか,43,ろ,名,走廊,走廊
2158,老人,ろうじん,43,ろ,名,老人,老人
2159,労働,ろうどう,43,ろ,名，サ変,劳动,勞動
2160,浪人,ろうにん,43,ろ,名,浪人,浪人
2161,録音,ろくおん,43,ろ,名，サ変,录音,錄音
2162,碌に,ろくに,43,ろ,副,马马虎虎,馬馬虎虎
2163,論じる,ろんじる,43,ろ,他上一,讨论,討論
2164,輪,わ,44,わ,名,轮子,輪子
2165,若い,わかい,44,わ,形,年轻,年輕
2166,沸かす,わかす,44,わ,他五,烧开,燒開
2167,我が儘,わがまま,44,わ,名，形動,任性,任性
2168,若者,わかもの,44,わ,名,年轻人,年輕人
2169,分かる,わかる,44,わ,自五,由于、因为,由於、因為
2170,判る,わかる,44,わ,自五,理解、明白,理解、明白
2171,分かれる,わかれる,44,わ,自下一,分开,分開
2172,別れる,わかれる,44,わ,自下一,分手,分手
2173,沸く,わく,44,わ,自五,沸腾,沸騰
2174,湧く,わく,44,わ,自五,涌出,湧出
2175,枠,わく,44,わ,名,框架,框架
2176,訳,わけ,44,わ,名,理由,理由
2177,分ける,わける,44,わ,他下一,划分,劃分
2178,わざと,わざと,44,わ,副,故意,故意
2179,災い,わざわい,44,わ,名，サ変,灾难,災難
2180,わざわざ,わざわざ,44,わ,副,特意,特意
2181,僅か,わずか,44,わ,副，形動,少量,少量
2182,煩う,わずらう,44,わ,自他五,判断、了解,判斷、了解
2183,患う,わずらう,44,わ,自他五,烦恼、生病,煩惱、生病
2184,忘れ物,わすれもの,44,わ,名,遗失物,遺失物
2185,忘れる,わすれる,44,わ,自他下一,忘记,忘記
2186,綿,わた,44,わ,名,棉,棉
2187,話題,わだい,44,わ,名,话题,話題
2188,私,わたくし,44,わ,名，代,我,我
2189,私,わたし,44,わ,代,私人,私人
2190,渡す,わたす,44,わ,他五,递交,遞交
2191,渡る,わたる,44,わ,自五,渡过,渡過
2192,侘しい,わびしい,44,わ,形,凄凉,淒涼
2193,詫びる,わびる,44,わ,自他下一,道歉,道歉
2194,和服,わふく,44,わ,名,和服,和服
2195,笑い,わらい,44,わ,名,笑声,笑聲
2196,笑う,わらう,44,わ,自他五,笑,笑
2197,割,わり,44,わ,名,比例,比例
2198,割合,わりあい,44,わ,名，副,比例,比例
2199,割に,わりに,44,わ,副,相对,相對
2200,割引,わりびき,44,わ,名，サ変,折扣,折扣
2201,割る,わる,44,わ,自他五,打破,打破
2202,悪い,わるい,44,わ,形,坏,壞
2203,割れる,われる,44,わ,自下一,破裂,破裂
2204,我々,われわれ,44,わ,代,我们,我們
2205,腕力,わんりょく,44,わ,名,腕力,腕力
